Price,Close,High,Low,Open,Volume
Ticker,AMZN,AMZN,AMZN,AMZN,AMZN
Date,,,,,
1997-05-15,0.09791699796915054,0.125,0.09635400027036667,0.12187500298023224,1443120000
1997-05-16,0.0864579975605011,0.09895800054073334,0.0854170024394989,0.09843800216913223,294000000
1997-05-19,0.0854170024394989,0.08854199945926666,0.08124999701976776,0.08802100270986557,122136000
1997-05-20,0.08177100121974945,0.08749999850988388,0.08177100121974945,0.0864579975605011,109344000
1997-05-21,0.07135400176048279,0.08229199796915054,0.06875000149011612,0.08177100121974945,377064000
1997-05-22,0.0697920024394989,0.07239600270986557,0.06562499701976776,0.07187499850988388,235536000
1997-05-23,0.07500000298023224,0.07604199647903442,0.06666699796915054,0.0703129991889,318744000
1997-05-27,0.07916700094938278,0.08229199796915054,0.07291699945926666,0.07552099972963333,173952000
1997-05-28,0.07656300067901611,0.08177100121974945,0.07656300067901611,0.08124999701976776,91488000
1997-05-29,0.07525999844074249,0.07708299905061722,0.07395800203084946,0.07708299905061722,69456000
1997-05-30,0.07500000298023224,0.07552099972963333,0.07395800203084946,0.07500000298023224,51888000
1997-06-02,0.07552099972963333,0.07656300067901611,0.07500000298023224,0.07552099972963333,11832000
1997-06-03,0.07395800203084946,0.07656300067901611,0.07395800203084946,0.07656300067901611,23664000
1997-06-04,0.0708329975605011,0.07447899878025055,0.0697920024394989,0.07395800203084946,61608000
1997-06-05,0.07708299905061722,0.07708299905061722,0.06875000149011612,0.0708329975605011,113448000
1997-06-06,0.08281300216913223,0.0854170024394989,0.07552099972963333,0.07578100264072418,156144000
1997-06-09,0.08437500149011612,0.0854170024394989,0.08281300216913223,0.08281300216913223,47040000
1997-06-10,0.07916700094938278,0.0854170024394989,0.07656300067901611,0.0854170024394989,109176000
1997-06-11,0.07708299905061722,0.08020800352096558,0.07656300067901611,0.07968799769878387,23760000
1997-06-12,0.08020800352096558,0.08229199796915054,0.07760400325059891,0.07916700094938278,32640000
1997-06-13,0.07916700094938278,0.08124999701976776,0.07916700094938278,0.08124999701976776,13872000
1997-06-16,0.07864599674940109,0.08020800352096558,0.078125,0.08020800352096558,18264000
1997-06-17,0.07525999844074249,0.07994800060987473,0.07474000006914139,0.07994800060987473,94128000
1997-06-18,0.07552099972963333,0.07682300359010696,0.07500000298023224,0.07604199647903442,49296000
1997-06-19,0.07552099972963333,0.07656300067901611,0.07500000298023224,0.07552099972963333,20064000
1997-06-20,0.07630199939012527,0.07760400325059891,0.07500000298023224,0.07656300067901611,67752000
1997-06-23,0.07500000298023224,0.07708299905061722,0.07395800203084946,0.07708299905061722,20952000
1997-06-24,0.07552099972963333,0.07630199939012527,0.07395800203084946,0.07525999844074249,15024000
1997-06-25,0.07552099972963333,0.07630199939012527,0.07447899878025055,0.07630199939012527,42120000
1997-06-26,0.07552099972963333,0.07604199647903442,0.07525999844074249,0.07604199647903442,63792000
1997-06-27,0.07447899878025055,0.07578100264072418,0.07395800203084946,0.07578100264072418,23760000
1997-06-30,0.07708299905061722,0.07994800060987473,0.07395800203084946,0.07552099972963333,54936000
1997-07-01,0.07578100264072418,0.07708299905061722,0.07552099972963333,0.07708299905061722,25848000
1997-07-02,0.07942699640989304,0.07968799769878387,0.07552099972963333,0.07578100264072418,77640000
1997-07-03,0.09557300060987473,0.09583300352096558,0.07968799769878387,0.07994800060987473,251544000
1997-07-07,0.10000000149011612,0.1010420024394989,0.09166699647903442,0.09166699647903442,161064000
1997-07-08,0.11510399729013443,0.1166670024394989,0.1020829975605011,0.1020829975605011,310344000
1997-07-09,0.11614599823951721,0.11927100270986557,0.11354199796915054,0.11510399729013443,165240000
1997-07-10,0.12812499701976776,0.12864600121974945,0.1166670024394989,0.1166670024394989,181032000
1997-07-11,0.11458300054073334,0.12604199349880219,0.11041700094938278,0.12604199349880219,210624000
1997-07-14,0.10677099972963333,0.1166670024394989,0.10572899878025055,0.11614599823951721,92088000
1997-07-15,0.12187500298023224,0.12395799905061722,0.10677099972963333,0.10677099972963333,185496000
1997-07-16,0.1166670024394989,0.12473999708890915,0.11510399729013443,0.12239599972963333,60480000
1997-07-17,0.11093799769878387,0.1171879991889,0.10781300067901611,0.1171879991889,63384000
1997-07-18,0.10781300067901611,0.11093799769878387,0.10781300067901611,0.109375,15600000
1997-07-21,0.10911499708890915,0.10989599674940109,0.10729199647903442,0.10885400325059891,11496000
1997-07-22,0.10677099972963333,0.109375,0.10312499850988388,0.10833299905061722,31272000
1997-07-23,0.11458300054073334,0.1166670024394989,0.10885400325059891,0.109375,65184000
1997-07-24,0.11302100121974945,0.11562500149011612,0.11093799769878387,0.11510399729013443,24336000
1997-07-25,0.11145800352096558,0.11249999701976776,0.11093799769878387,0.11093799769878387,12408000
1997-07-28,0.11614599823951721,0.11979199945926666,0.11093799769878387,0.11145800352096558,51480000
1997-07-29,0.12395799905061722,0.125,0.1166670024394989,0.11822900176048279,96288000
1997-07-30,0.12239599972963333,0.12525999546051025,0.12135399878025055,0.125,50352000
1997-07-31,0.11979199945926666,0.12187500298023224,0.1166670024394989,0.12187500298023224,29088000
1997-08-01,0.12083300203084946,0.12083300203084946,0.11249999701976776,0.1171879991889,71760000
1997-08-04,0.11562500149011612,0.1205729991197586,0.11510399729013443,0.11874999850988388,53424000
1997-08-05,0.11041700094938278,0.1166670024394989,0.10729199647903442,0.1166670024394989,60648000
1997-08-06,0.11249999701976776,0.11562500149011612,0.109375,0.11041700094938278,24864000
1997-08-07,0.10885400325059891,0.11302100121974945,0.10625000298023224,0.11249999701976776,40680000
1997-08-08,0.11458300054073334,0.11510399729013443,0.10520800203084946,0.10833299905061722,44232000
1997-08-11,0.11640600115060806,0.1166670024394989,0.11249999701976776,0.11458300054073334,24792000
1997-08-12,0.10989599674940109,0.11510399729013443,0.10989599674940109,0.11406300216913223,11424000
1997-08-13,0.10989599674940109,0.11145800352096558,0.10833299905061722,0.11145800352096558,11808000
1997-08-14,0.10781300067901611,0.11249999701976776,0.10599000006914139,0.10885400325059891,20832000
1997-08-15,0.10572899878025055,0.10781300067901611,0.09687499701976776,0.10677099972963333,31944000
1997-08-18,0.1020829975605011,0.10260400176048279,0.09843800216913223,0.10260400176048279,35688000
1997-08-19,0.10833299905061722,0.11041700094938278,0.10260400176048279,0.10468800365924835,20064000
1997-08-20,0.10833299905061722,0.109375,0.10364600270986557,0.109375,19992000
1997-08-21,0.10572899878025055,0.10859400033950806,0.10364600270986557,0.10677099972963333,12480000
1997-08-22,0.10625000298023224,0.10625000298023224,0.10468800365924835,0.10520800203084946,14256000
1997-08-25,0.11093799769878387,0.11302100121974945,0.10520800203084946,0.10520800203084946,22536000
1997-08-26,0.1171879991889,0.1177079975605011,0.11145800352096558,0.11197900027036667,51480000
1997-08-27,0.11588499695062637,0.11614599823951721,0.11249999701976776,0.11536499857902527,27840000
1997-08-28,0.11874999850988388,0.11979199945926666,0.11406300216913223,0.11510399729013443,22944000
1997-08-29,0.11692699790000916,0.11874999850988388,0.11614599823951721,0.11822900176048279,14448000
1997-09-02,0.1177079975605011,0.11874999850988388,0.1166670024394989,0.1171879991889,14640000
1997-09-03,0.1166670024394989,0.12083300203084946,0.11562500149011612,0.1171879991889,39288000
1997-09-04,0.12760399281978607,0.12760399281978607,0.1171879991889,0.11822900176048279,66960000
1997-09-05,0.125,0.1333329975605011,0.12291699647903442,0.12916700541973114,38160000
1997-09-08,0.15000000596046448,0.15104199945926666,0.125,0.12656299769878387,112968000
1997-09-09,0.16197900474071503,0.16927100718021393,0.15130199491977692,0.15703099966049194,179424000
1997-09-10,0.1651040017604828,0.16640600562095642,0.15625,0.16562500596046448,77328000
1997-09-11,0.15781299769878387,0.16666699945926666,0.15208299458026886,0.16666699945926666,85248000
1997-09-12,0.18437500298023224,0.18489600718021393,0.15781299769878387,0.15937499701976776,66672000
1997-09-15,0.1546880006790161,0.18385399878025055,0.15260399878025055,0.18333299458026886,111672000
1997-09-16,0.16770799458026886,0.17708300054073334,0.15599000453948975,0.15625,128640000
1997-09-17,0.1703130006790161,0.17499999701976776,0.16666699945926666,0.17291699349880219,52152000
1997-09-18,0.1645829975605011,0.17343799769878387,0.1640630066394806,0.171875,42576000
1997-09-19,0.19739599525928497,0.20416699349880219,0.16875000298023224,0.1690099984407425,178584000
1997-09-22,0.22499999403953552,0.2338539958000183,0.19739599525928497,0.20000000298023224,338760000
1997-09-23,0.23125000298023224,0.23229199647903442,0.21979199349880219,0.22447900474071503,153648000
1997-09-24,0.21875,0.24062499403953552,0.21458299458026886,0.23229199647903442,164016000
1997-09-25,0.20390599966049194,0.21770800650119781,0.2026039958000183,0.2171880006790161,99360000
1997-09-26,0.20833300054073334,0.21302099525928497,0.2026039958000183,0.2036460041999817,54624000
1997-09-29,0.20208300650119781,0.20937499403953552,0.19791699945926666,0.20729200541973114,47424000
1997-09-30,0.21692700684070587,0.21744799613952637,0.19010399281978607,0.20000000298023224,105096000
1997-10-01,0.20104199647903442,0.22499999403953552,0.19687500596046448,0.22187499701976776,99984000
1997-10-02,0.20052100718021393,0.20885400474071503,0.19947899878025055,0.20208300650119781,37536000
1997-10-03,0.20078100264072418,0.20624999701976776,0.19895799458026886,0.20416699349880219,23280000
1997-10-06,0.20624999701976776,0.20624999701976776,0.19713500142097473,0.20000000298023224,40560000
1997-10-07,0.20286500453948975,0.20937499403953552,0.20208300650119781,0.20416699349880219,34848000
1997-10-08,0.2002599984407425,0.20833300054073334,0.1992190033197403,0.20729200541973114,56136000
1997-10-09,0.1875,0.20104199647903442,0.1869789958000183,0.20000000298023224,79008000
1997-10-10,0.19505199790000916,0.203125,0.18333299458026886,0.18645800650119781,75744000
1997-10-13,0.20000000298023224,0.20208300650119781,0.1963540017604828,0.1963540017604828,16296000
1997-10-14,0.19895799458026886,0.20520800352096558,0.19166700541973114,0.203125,30936000
1997-10-15,0.19609400629997253,0.19843800365924835,0.18854199349880219,0.19843800365924835,47112000
1997-10-16,0.18125000596046448,0.19895799458026886,0.1802079975605011,0.19895799458026886,69624000
1997-10-17,0.18125000596046448,0.18281300365924835,0.17604200541973114,0.1807290017604828,50688000
1997-10-20,0.19114600121974945,0.19374999403953552,0.18333299458026886,0.18385399878025055,98256000
1997-10-21,0.22135399281978607,0.22187499701976776,0.19270800054073334,0.19791699945926666,241920000
1997-10-22,0.2260420024394989,0.2309899926185608,0.21875,0.22083300352096558,104160000
1997-10-23,0.22499999403953552,0.22812500596046448,0.20937499403953552,0.2114579975605011,113136000
1997-10-24,0.25130200386047363,0.25312501192092896,0.2270829975605011,0.23749999701976776,189840000
1997-10-27,0.21354199945926666,0.2505210041999817,0.2114579975605011,0.24010400474071503,121824000
1997-10-28,0.24739600718021393,0.25,0.19374999403953552,0.1958329975605011,234384000
1997-10-29,0.2695310115814209,0.2750000059604645,0.25,0.2572920024394989,142536000
1997-10-30,0.2562499940395355,0.2677080035209656,0.2520830035209656,0.26041701436042786,95400000
1997-10-31,0.25416699051856995,0.2729170024394989,0.2484380006790161,0.26822900772094727,100536000
1997-11-03,0.25364598631858826,0.26093798875808716,0.24739600718021393,0.26093798875808716,39984000
1997-11-04,0.24791699647903442,0.25260400772094727,0.2411459982395172,0.25,47304000
1997-11-05,0.24375000596046448,0.25598999857902527,0.24375000596046448,0.24895800650119781,61872000
1997-11-06,0.23307299613952637,0.24583299458026886,0.23177100718021393,0.24583299458026886,58272000
1997-11-07,0.22395800054073334,0.23203100264072418,0.2192710041999817,0.22083300352096558,52536000
1997-11-10,0.2104170024394989,0.22812500596046448,0.2104170024394989,0.22499999403953552,55296000
1997-11-11,0.19739599525928497,0.21562500298023224,0.1958329975605011,0.21223999559879303,86256000
1997-11-12,0.18854199349880219,0.20937499403953552,0.18333299458026886,0.18880200386047363,173664000
1997-11-13,0.19296899437904358,0.19843800365924835,0.18854199349880219,0.19739599525928497,85800000
1997-11-14,0.20833300054073334,0.2104170024394989,0.18906299769878387,0.19687500596046448,117384000
1997-11-17,0.21875,0.2270829975605011,0.2109380066394806,0.2114579975605011,147888000
1997-11-18,0.22083300352096558,0.22395800054073334,0.2171880006790161,0.21875,37320000
1997-11-19,0.2255209982395172,0.2260420024394989,0.21562500298023224,0.22031299769878387,50688000
1997-11-20,0.22916699945926666,0.23020799458026886,0.2255209982395172,0.22864599525928497,118464000
1997-11-21,0.22447900474071503,0.22916699945926666,0.22447900474071503,0.2276040017604828,52056000
1997-11-24,0.2114579975605011,0.22083300352096558,0.2114579975605011,0.21875,40392000
1997-11-25,0.21015599370002747,0.21666699647903442,0.20208300650119781,0.2119790017604828,66096000
1997-11-26,0.21302099525928497,0.22057299315929413,0.2119790017604828,0.2119790017604828,32616000
1997-11-28,0.20624999701976776,0.21666699647903442,0.20572899281978607,0.21354199945926666,32064000
1997-12-01,0.21354199945926666,0.21875,0.20677100121974945,0.2119790017604828,47664000
1997-12-02,0.21171900629997253,0.21510399878025055,0.20885400474071503,0.21302099525928497,25248000
1997-12-03,0.2182289958000183,0.21875,0.20937499403953552,0.2098959982395172,25800000
1997-12-04,0.22499999403953552,0.2276040017604828,0.2192710041999817,0.22005200386047363,60768000
1997-12-05,0.22968800365924835,0.22968800365924835,0.21770800650119781,0.22187499701976776,53232000
1997-12-08,0.23541699349880219,0.23854200541973114,0.2260420024394989,0.2270829975605011,95328000
1997-12-09,0.234375,0.23854200541973114,0.23020799458026886,0.23333300650119781,26640000
1997-12-10,0.2255209982395172,0.23125000298023224,0.21979199349880219,0.22916699945926666,28896000
1997-12-11,0.234375,0.2416670024394989,0.21979199349880219,0.21979199349880219,100296000
1997-12-12,0.2270829975605011,0.24010400474071503,0.22031299769878387,0.23229199647903442,53448000
1997-12-15,0.22916699945926666,0.23333300650119781,0.22031299769878387,0.22916699945926666,33888000
1997-12-16,0.22291700541973114,0.23229199647903442,0.22291700541973114,0.23229199647903442,33744000
1997-12-17,0.21953099966049194,0.22291700541973114,0.21276000142097473,0.21875,122808000
1997-12-18,0.21458299458026886,0.22135399281978607,0.2114579975605011,0.21770800650119781,64080000
1997-12-19,0.22499999403953552,0.2260420024394989,0.20833300054073334,0.2114579975605011,95064000
1997-12-22,0.2348960041999817,0.23906299471855164,0.2216150015592575,0.22499999403953552,87048000
1997-12-23,0.23125000298023224,0.23697899281978607,0.23125000298023224,0.234375,23544000
1997-12-24,0.23020799458026886,0.23541699349880219,0.22343799471855164,0.23125000298023224,46728000
1997-12-26,0.2260420024394989,0.23229199647903442,0.22447900474071503,0.22812500596046448,9744000
1997-12-29,0.23749999701976776,0.23906299471855164,0.2265630066394806,0.22916699945926666,51048000
1997-12-30,0.24244800209999084,0.24531300365924835,0.23906299471855164,0.2416670024394989,125712000
1997-12-31,0.2510420083999634,0.2520830035209656,0.2421880066394806,0.24375000596046448,88920000
1998-01-02,0.24791699647903442,0.25,0.23984399437904358,0.25,33216000
1998-01-05,0.23749999701976776,0.24687500298023224,0.23541699349880219,0.24427099525928497,71808000
1998-01-06,0.24192699790000916,0.24375000596046448,0.23333300650119781,0.2348960041999817,83496000
1998-01-07,0.23906299471855164,0.2416670024394989,0.23463499546051025,0.2416670024394989,54504000
1998-01-08,0.23072899878025055,0.23515599966049194,0.2265630066394806,0.2348960041999817,120312000
1998-01-09,0.21302099525928497,0.23333300650119781,0.2114579975605011,0.23333300650119781,132864000
1998-01-12,0.21510399878025055,0.2192710041999817,0.20729200541973114,0.20833300054073334,148032000
1998-01-13,0.23229199647903442,0.23333300650119781,0.21614600718021393,0.2171880006790161,146424000
1998-01-14,0.24375000596046448,0.24375000596046448,0.23125000298023224,0.2328130006790161,170112000
1998-01-15,0.24765600264072418,0.2505210041999817,0.23958300054073334,0.23958300054073334,120288000
1998-01-16,0.23958300054073334,0.24895800650119781,0.23854200541973114,0.24791699647903442,51264000
1998-01-20,0.24765600264072418,0.2505210041999817,0.24062499403953552,0.2411459982395172,109344000
1998-01-21,0.25364598631858826,0.2583329975605011,0.24375000596046448,0.24687500298023224,174768000
1998-01-22,0.2567709982395172,0.2635419964790344,0.2510420083999634,0.25364598631858826,189432000
1998-01-23,0.24687500298023224,0.26718801259994507,0.24687500298023224,0.26718801259994507,182376000
1998-01-26,0.24062499403953552,0.2494789958000183,0.23697899281978607,0.24895800650119781,94248000
1998-01-27,0.23749999701976776,0.2432290017604828,0.23333300650119781,0.24088500440120697,82080000
1998-01-28,0.23854200541973114,0.2416670024394989,0.23125000298023224,0.23749999701976776,105864000
1998-01-29,0.24791699647903442,0.2494789958000183,0.23906299471855164,0.23958300054073334,96720000
1998-01-30,0.24583299458026886,0.25312501192092896,0.24427099525928497,0.25,74448000
1998-02-02,0.25989601016044617,0.26041701436042786,0.24687500298023224,0.24739600718021393,138264000
1998-02-03,0.25755199790000916,0.26249998807907104,0.25468799471855164,0.2593750059604645,88584000
1998-02-04,0.25312501192092896,0.2593750059604645,0.25260400772094727,0.25312501192092896,24696000
1998-02-05,0.24687500298023224,0.25572898983955383,0.24375000596046448,0.25572898983955383,116640000
1998-02-06,0.24531300365924835,0.2510420083999634,0.24375000596046448,0.24635399878025055,42456000
1998-02-09,0.2427079975605011,0.24791699647903442,0.23854200541973114,0.24583299458026886,52536000
1998-02-10,0.2651039958000183,0.26588499546051025,0.2416670024394989,0.24375000596046448,245928000
1998-02-11,0.2645829916000366,0.27317699790000916,0.2640630006790161,0.2645829916000366,129480000
1998-02-12,0.26302099227905273,0.2651039958000183,0.2593750059604645,0.2635419964790344,60720000
1998-02-13,0.2593750059604645,0.2635419964790344,0.2572920024394989,0.26249998807907104,168408000
1998-02-17,0.2572920024394989,0.26093798875808716,0.25364598631858826,0.26093798875808716,47520000
1998-02-18,0.25364598631858826,0.2572920024394989,0.25260400772094727,0.2572920024394989,59424000
1998-02-19,0.26145800948143005,0.2645829916000366,0.25416699051856995,0.2554689943790436,88728000
1998-02-20,0.2635419964790344,0.2645829916000366,0.25572898983955383,0.26145800948143005,54072000
1998-02-23,0.27031299471855164,0.27083298563957214,0.26041701436042786,0.2645829916000366,79560000
1998-02-24,0.27031299471855164,0.28385400772094727,0.2677080035209656,0.27083298563957214,278904000
1998-02-25,0.2744790017604828,0.27708300948143005,0.26302099227905273,0.2734380066394806,134904000
1998-02-26,0.3031249940395355,0.3041670024394989,0.2718749940395355,0.27317699790000916,307464000
1998-02-27,0.3208329975605011,0.33177098631858826,0.299219012260437,0.30104199051856995,494136000
1998-03-02,0.31770798563957214,0.3218750059604645,0.3125,0.31614598631858826,219144000
1998-03-03,0.2989580035209656,0.31562501192092896,0.2979170083999634,0.3145830035209656,160320000
1998-03-04,0.3059900104999542,0.30937498807907104,0.29166701436042786,0.30000001192092896,146280000
1998-03-05,0.3125,0.325780987739563,0.296875,0.2989580035209656,240024000
1998-03-06,0.3197920024394989,0.3208329975605011,0.30729201436042786,0.31510400772094727,117744000
1998-03-09,0.34791699051856995,0.3572919964790344,0.3197920024394989,0.3203130066394806,461112000
1998-03-10,0.3462890088558197,0.3677079975605011,0.34531301259994507,0.35624998807907104,495000000
1998-03-11,0.33177098631858826,0.34375,0.3260419964790344,0.3416669964790344,246984000
1998-03-12,0.3270829916000366,0.33802101016044617,0.3213540017604828,0.328125,195984000
1998-03-13,0.32786500453948975,0.3369790017604828,0.32395800948143005,0.33177098631858826,130464000
1998-03-16,0.3291670083999634,0.3364579975605011,0.3291670083999634,0.3315100073814392,66240000
1998-03-17,0.33281299471855164,0.3343749940395355,0.32447901368141174,0.33229199051856995,62016000
1998-03-18,0.3554689884185791,0.3572919964790344,0.3302080035209656,0.3302080035209656,273192000
1998-03-19,0.3499999940395355,0.36458298563957214,0.34895798563957214,0.35572901368141174,242304000
1998-03-20,0.3499999940395355,0.35364601016044617,0.34635400772094727,0.3499999940395355,128256000
1998-03-23,0.3492189943790436,0.3531250059604645,0.3447920083999634,0.3481769859790802,60096000
1998-03-24,0.3510420024394989,0.3614580035209656,0.34375,0.34375,113616000
1998-03-25,0.3403649926185608,0.3572919964790344,0.3375000059604645,0.35416701436042786,225792000
1998-03-26,0.3447920083999634,0.34895798563957214,0.33125001192092896,0.34062498807907104,157560000
1998-03-27,0.35416701436042786,0.36302098631858826,0.3447920083999634,0.3510420024394989,152928000
1998-03-30,0.3578130006790161,0.36458298563957214,0.35468798875808716,0.3578130006790161,110016000
1998-03-31,0.35637998580932617,0.3604170083999634,0.34895798563957214,0.35572901368141174,131304000
1998-04-01,0.3755210041999817,0.37656301259994507,0.35012999176979065,0.35520800948143005,289032000
1998-04-02,0.3960939943790436,0.40312498807907104,0.3739579916000366,0.37968799471855164,332856000
1998-04-03,0.38749998807907104,0.40156298875808716,0.3843750059604645,0.40104201436042786,233880000
1998-04-06,0.36927101016044617,0.39479199051856995,0.3677079975605011,0.3927080035209656,220488000
1998-04-07,0.3583329916000366,0.36354199051856995,0.3531250059604645,0.36250001192092896,232680000
1998-04-08,0.36927101016044617,0.3739579916000366,0.35624998807907104,0.3598960041999817,226296000
1998-04-09,0.3968749940395355,0.4000000059604645,0.3817709982395172,0.38489601016044617,320688000
1998-04-13,0.392969012260437,0.40104201436042786,0.3833329975605011,0.39531299471855164,219600000
1998-04-14,0.40494799613952637,0.41614601016044617,0.3885419964790344,0.3911460041999817,326472000
1998-04-15,0.40052101016044617,0.41666701436042786,0.39375001192092896,0.4083330035209656,223848000
1998-04-16,0.41041699051856995,0.41380199790000916,0.388280987739563,0.40052101016044617,324888000
1998-04-17,0.39531299471855164,0.4052079916000366,0.39375001192092896,0.39921900629997253,140712000
1998-04-20,0.3927080035209656,0.4145829975605011,0.390625,0.3973959982395172,179592000
1998-04-21,0.3877600133419037,0.3973959982395172,0.37968799471855164,0.3968749940395355,167088000
1998-04-22,0.36354199051856995,0.3901039958000183,0.36250001192092896,0.3885419964790344,226032000
1998-04-23,0.3375000059604645,0.36250001192092896,0.3354170024394989,0.36250001192092896,245064000
1998-04-24,0.35364601016044617,0.3656249940395355,0.33958300948143005,0.3416669964790344,335712000
1998-04-27,0.3447920083999634,0.3526040017604828,0.3213540017604828,0.34739598631858826,377712000
1998-04-28,0.3984380066394806,0.4145829975605011,0.3710939884185791,0.38697901368141174,1391880000
1998-04-29,0.3979170024394989,0.41093799471855164,0.3901039958000183,0.4052079916000366,633144000
1998-04-30,0.3822920024394989,0.4083330035209656,0.3770830035209656,0.40625,449712000
1998-05-01,0.39375001192092896,0.39635398983955383,0.3770830035209656,0.38645800948143005,186144000
1998-05-04,0.3968749940395355,0.3994790017604828,0.3890630006790161,0.39583298563957214,154704000
1998-05-05,0.3904950022697449,0.3979170024394989,0.38802099227905273,0.3916670083999634,119976000
1998-05-06,0.37656301259994507,0.3916670083999634,0.3755210041999817,0.3916670083999634,148776000
1998-05-07,0.37916699051856995,0.38749998807907104,0.3677079975605011,0.37916699051856995,277752000
1998-05-08,0.38489601016044617,0.38645800948143005,0.3729169964790344,0.38020798563957214,95856000
1998-05-11,0.36197900772094727,0.38749998807907104,0.3604170083999634,0.3872399926185608,227448000
1998-05-12,0.38072898983955383,0.38307300209999084,0.36093801259994507,0.3656249940395355,232728000
1998-05-13,0.38697901368141174,0.3916670083999634,0.3739579916000366,0.3770830035209656,278880000
1998-05-14,0.3815099895000458,0.39427098631858826,0.37916699051856995,0.3833329975605011,172008000
1998-05-15,0.3734380006790161,0.38541701436042786,0.3729169964790344,0.3828130066394806,92568000
1998-05-18,0.36692699790000916,0.37760400772094727,0.3614580035209656,0.375,132360000
1998-05-19,0.37656301259994507,0.37760400772094727,0.37187498807907104,0.3734380006790161,68472000
1998-05-20,0.36927101016044617,0.3812499940395355,0.3677079975605011,0.37656301259994507,80976000
1998-05-21,0.36979201436042786,0.375,0.3638019859790802,0.3729169964790344,68064000
1998-05-22,0.3583329916000366,0.36927101016044617,0.35624998807907104,0.3682290017604828,117240000
1998-05-26,0.34114599227905273,0.36197900772094727,0.3369790017604828,0.35859400033950806,217680000
1998-05-27,0.36093801259994507,0.36406299471855164,0.33229199051856995,0.3348959982395172,464688000
1998-05-28,0.35807299613952637,0.3656249940395355,0.35520800948143005,0.36354199051856995,188256000
1998-05-29,0.3671880066394806,0.37083300948143005,0.35624998807907104,0.3578130006790161,172824000
1998-06-01,0.35677099227905273,0.3687500059604645,0.3471350073814392,0.3666670024394989,160872000
1998-06-02,0.36406299471855164,0.37083300948143005,0.3458330035209656,0.36354199051856995,164028000
1998-06-03,0.3520829975605011,0.3770830035209656,0.3499999940395355,0.3739579916000366,131628000
1998-06-04,0.3656249940395355,0.3661459982395172,0.34375,0.3578130006790161,99912000
1998-06-05,0.3687500059604645,0.36979201436042786,0.359375,0.36458298563957214,68544000
1998-06-08,0.38541701436042786,0.38593798875808716,0.36250001192092896,0.36510398983955383,109260000
1998-06-09,0.42708298563957214,0.43229201436042786,0.38541701436042786,0.38697901368141174,388728000
1998-06-10,0.4510419964790344,0.46875,0.42500001192092896,0.4302079975605011,485700000
1998-06-11,0.5208330154418945,0.5218750238418579,0.45833298563957214,0.4604170024394989,717024000
1998-06-12,0.5083330273628235,0.5291669964790344,0.4854170083999634,0.5291669964790344,433116000
1998-06-15,0.5479170083999634,0.5708330273628235,0.4927079975605011,0.49583300948143005,674028000
1998-06-16,0.6135420203208923,0.6145830154418945,0.5541669726371765,0.5562499761581421,783348000
1998-06-17,0.6583330035209656,0.676563024520874,0.628125011920929,0.6322919726371765,805308000
1998-06-18,0.6010419726371765,0.6875,0.5979170203208923,0.675000011920929,632796000
1998-06-19,0.6317710280418396,0.6354169845581055,0.5666670203208923,0.5921880006790161,733572000
1998-06-22,0.6781250238418579,0.6864579916000366,0.6020830273628235,0.6229169964790344,726360000
1998-06-23,0.7723960280418396,0.7729169726371765,0.6708329916000366,0.6755210161209106,749268000
1998-06-24,0.8317710161209106,0.8395829796791077,0.7427080273628235,0.7916669845581055,1174092000
1998-06-25,0.8255209922790527,0.8729169964790344,0.800000011920929,0.8333330154418945,1089300000
1998-06-26,0.7854170203208923,0.8354169726371765,0.78125,0.8125,622992000
1998-06-29,0.8229169845581055,0.8302080035209656,0.7895830273628235,0.7895830273628235,490152000
1998-06-30,0.831250011920929,0.8458330035209656,0.8062499761581421,0.8151040077209473,437544000
1998-07-01,0.9510419964790344,0.9541670083999634,0.8395829796791077,0.848438024520874,565092000
1998-07-02,1.0333329439163208,1.0458329916000366,0.9375,0.9645829796791077,1045596000
1998-07-06,1.162500023841858,1.1729170083999634,1.0458329916000366,1.0614579916000366,937668000
1998-07-07,1.0177079439163208,1.1979169845581055,1.0083329677581787,1.1916669607162476,945036000
1998-07-08,0.8927080035209656,0.9916669726371765,0.8531249761581421,0.9322919845581055,1166232000
1998-07-09,0.8791670203208923,0.9708330035209656,0.875,0.921875,589860000
1998-07-10,0.8291670083999634,0.8822919726371765,0.8177080154418945,0.8583329916000366,499644000
1998-07-13,0.8968750238418579,0.8999999761581421,0.7854170203208923,0.8041669726371765,384960000
1998-07-14,0.9583330154418945,0.9645829796791077,0.8916670083999634,0.9041669964790344,507168000
1998-07-15,0.9375,0.9781249761581421,0.9145830273628235,0.9666669964790344,352200000
1998-07-16,0.9447919726371765,0.9583330154418945,0.9041669964790344,0.9453129768371582,279984000
1998-07-17,0.9984380006790161,1.0041669607162476,0.9322919845581055,0.9364579916000366,356520000
1998-07-20,1.1458330154418945,1.1677080392837524,0.9979169964790344,1.009374976158142,718500000
1998-07-21,1.1005209684371948,1.225000023841858,1.0666669607162476,1.1437499523162842,946560000
1998-07-22,1.1166670322418213,1.165624976158142,1.087499976158142,1.1166670322418213,559488000
1998-07-23,1.0635420083999634,1.1541670560836792,1.0583330392837524,1.0833330154418945,556212000
1998-07-24,1.0354169607162476,1.0958329439163208,0.9750000238418579,1.0770829916000366,579480000
1998-07-27,1.046354055404663,1.0614579916000366,0.9635419845581055,0.9927080273628235,576612000
1998-07-28,0.9911460280418396,1.0499999523162842,0.9833329916000366,1.0369789600372314,414936000
1998-07-29,0.8984379768371582,1.0125000476837158,0.8958330154418945,1.0041669607162476,392892000
1998-07-30,0.9479169845581055,0.9583330154418945,0.8791670203208923,0.9312499761581421,635484000
1998-07-31,0.9239580035209656,0.9593750238418579,0.909375011920929,0.9541670083999634,268812000
1998-08-03,0.9020829796791077,0.9291669726371765,0.893750011920929,0.9145830273628235,258264000
1998-08-04,0.9156249761581421,0.9510419964790344,0.9010419845581055,0.9177079796791077,561300000
1998-08-05,0.8848959803581238,0.9427080154418945,0.8333330154418945,0.9401040077209473,461208000
1998-08-06,0.9125000238418579,0.9375,0.8588539958000183,0.8697919845581055,372072000
1998-08-07,0.9666669964790344,0.9906250238418579,0.9114580154418945,0.9270830154418945,468660000
1998-08-10,1.0135420560836792,1.015625,0.9583330154418945,0.9750000238418579,370320000
1998-08-11,1.0333329439163208,1.0572919845581055,0.9604169726371765,0.9624999761581421,563172000
1998-08-12,1.0864579677581787,1.0958329439163208,1.0338540077209473,1.056249976158142,402816000
1998-08-13,1.0625,1.125,1.0583330392837524,1.0885419845581055,492588000
1998-08-14,1.0229170322418213,1.0895830392837524,1.0020829439163208,1.089063048362732,388200000
1998-08-17,0.9973959922790527,1.026563048362732,0.987500011920929,1.006250023841858,292356000
1998-08-18,1.0723960399627686,1.0760420560836792,0.9927080273628235,1.0098960399627686,360012000
1998-08-19,1.0729169845581055,1.1145830154418945,1.0583330392837524,1.09375,385632000
1998-08-20,1.0760420560836792,1.0812499523162842,1.0458329916000366,1.0520830154418945,317724000
1998-08-21,1.0807290077209473,1.0856770277023315,1.0270830392837524,1.0604170560836792,302724000
1998-08-24,1.1229170560836792,1.125,1.084375023841858,1.0854170322418213,278988000
1998-08-25,1.0968749523162842,1.1458330154418945,1.0895830392837524,1.145313024520874,287028000
1998-08-26,1.0604170560836792,1.0854170322418213,1.0567710399627686,1.0812499523162842,327816000
1998-08-27,0.9916669726371765,1.0416669845581055,0.9916669726371765,1.0364580154418945,320544000
1998-08-28,0.8824219703674316,1.0072920322418213,0.8604170083999634,0.9979169964790344,780720000
1998-08-31,0.6979169845581055,0.8968750238418579,0.6927080154418945,0.8786460161209106,820008000
1998-09-01,0.6662759780883789,0.721875011920929,0.5416669845581055,0.6343749761581421,1349016000
1998-09-02,0.7322919964790344,0.800000011920929,0.6833329796791077,0.6927080154418945,946572000
1998-09-03,0.715624988079071,0.7520830035209656,0.6729170083999634,0.6968749761581421,509424000
1998-09-04,0.71875,0.75,0.6833329796791077,0.7223960161209106,356244000
1998-09-08,0.768750011920929,0.7895830273628235,0.75,0.7833330035209656,438732000
1998-09-09,0.7041670083999634,0.7697920203208923,0.6947919726371765,0.7458329796791077,357924000
1998-09-10,0.6635419726371765,0.6708329916000366,0.6270830035209656,0.6614580154418945,639396000
1998-09-11,0.6338539719581604,0.6739580035209656,0.612500011920929,0.653124988079071,472248000
1998-09-14,0.614063024520874,0.6708329916000366,0.612500011920929,0.6697919964790344,301200000
1998-09-15,0.6083329916000366,0.6229169964790344,0.5864580273628235,0.5901039838790894,344568000
1998-09-16,0.7041670083999634,0.7161459922790527,0.5958330035209656,0.6187499761581421,782376000
1998-09-17,0.6416670083999634,0.6958330273628235,0.637499988079071,0.6703130006790161,849156000
1998-09-18,0.6640629768371582,0.676563024520874,0.6473960280418396,0.6479169726371765,334848000
1998-09-21,0.7124999761581421,0.7239580154418945,0.6333330273628235,0.6333330273628235,475344000
1998-09-22,0.7348960041999817,0.762499988079071,0.7302079796791077,0.7354170083999634,606108000
1998-09-23,0.8760420083999634,0.8791670203208923,0.75,0.7567710280418396,911676000
1998-09-24,0.8510419726371765,0.9739580154418945,0.8458330035209656,0.8927080035209656,1022484000
1998-09-25,0.9104170203208923,0.921875,0.8208330273628235,0.8208330273628235,731976000
1998-09-28,0.9635419845581055,1.0,0.9322919845581055,0.9697920083999634,772092000
1998-09-29,0.9427080154418945,0.9963539838790894,0.9291669726371765,0.9770830273628235,766716000
1998-09-30,0.9302080273628235,0.9624999761581421,0.9067710041999817,0.9291669726371765,588612000
1998-10-01,0.8552079796791077,0.925000011920929,0.8333330154418945,0.8999999761581421,687840000
1998-10-02,0.918749988079071,0.9322919845581055,0.8416669964790344,0.8776040077209473,689916000
1998-10-05,0.8725259900093079,0.925000011920929,0.8416669964790344,0.9072920083999634,489924000
1998-10-06,0.9026039838790894,0.9354169964790344,0.8666669726371765,0.9291669726371765,563436000
1998-10-07,0.7786459922790527,0.8729169964790344,0.7604169845581055,0.8552079796791077,856680000
1998-10-08,0.7182289958000183,0.7333329916000366,0.6666669845581055,0.690625011920929,607692000
1998-10-09,0.7598959803581238,0.765625,0.6979169845581055,0.7520830035209656,414540000
1998-10-12,0.7765629887580872,0.8416669964790344,0.7749999761581421,0.809374988079071,436344000
1998-10-13,0.7614579796791077,0.7947919964790344,0.7552080154418945,0.7651039958000183,213708000
1998-10-14,0.7791669964790344,0.8135420083999634,0.7479169964790344,0.7588539719581604,311808000
1998-10-15,0.8088539838790894,0.815625011920929,0.7708330154418945,0.7854170203208923,339420000
1998-10-16,0.8286460041999817,0.8494790196418762,0.8083329796791077,0.8218749761581421,428100000
1998-10-19,0.8812500238418579,0.890625,0.824999988079071,0.824999988079071,333624000
1998-10-20,0.8895829916000366,0.9375,0.8885419964790344,0.90625,383352000
1998-10-21,0.9166669845581055,0.918749988079071,0.8802080154418945,0.9119790196418762,252360000
1998-10-22,0.9557290077209473,0.9822919964790344,0.8947920203208923,0.8968750238418579,533904000
1998-10-23,0.9677079916000366,0.9859380125999451,0.9510419964790344,0.9541670083999634,272496000
1998-10-26,1.0119789838790894,1.015625,0.9729170203208923,0.9927080273628235,390336000
1998-10-27,0.9692710041999817,1.0499999523162842,0.9671880006790161,1.0343749523162842,403284000
1998-10-28,0.9755210280418396,0.9958329796791077,0.9520829916000366,0.9744790196418762,397836000
1998-10-29,1.0541670322418213,1.0604170560836792,0.9916669726371765,1.010938048362732,658644000
1998-10-30,1.0536459684371948,1.0817710161209106,1.0385420322418213,1.0552079677581787,423648000
1998-11-02,1.0916670560836792,1.0953129529953003,1.037500023841858,1.0677080154418945,629880000
1998-11-03,1.0505210161209106,1.108854055404663,1.0479170083999634,1.0927079916000366,367764000
1998-11-04,1.0817710161209106,1.100000023841858,1.0552079677581787,1.0947920083999634,407664000
1998-11-05,1.0708329677581787,1.084375023841858,1.0520830154418945,1.0640629529953003,294648000
1998-11-06,1.0380209684371948,1.068750023841858,1.0333329439163208,1.0499999523162842,377880000
1998-11-09,1.0572919845581055,1.061979055404663,1.006250023841858,1.015625,436872000
1998-11-10,1.0979169607162476,1.1666669845581055,1.0677080154418945,1.068750023841858,687516000
1998-11-11,1.0552079677581787,1.118749976158142,1.0437500476837158,1.1135419607162476,329268000
1998-11-12,1.0916670560836792,1.1072920560836792,1.0416669845581055,1.0458329916000366,239496000
1998-11-13,1.0645829439163208,1.1124999523162842,1.0476560592651367,1.0994789600372314,178812000
1998-11-16,1.0520830154418945,1.0822919607162476,1.0291670560836792,1.0708329677581787,237948000
1998-11-17,1.2374999523162842,1.2854169607162476,1.0708329677581787,1.078125,1222836000
1998-11-18,1.3666670322418213,1.421875,1.2625000476837158,1.2635420560836792,1182672000
1998-11-19,1.2770830392837524,1.462499976158142,1.274999976158142,1.4249999523162842,777912000
1998-11-20,1.5052080154418945,1.5145829916000366,1.375,1.4583330154418945,1338252000
1998-11-23,1.8166669607162476,1.8208329677581787,1.5505210161209106,1.5906250476837158,1355628000
1998-11-24,1.787500023841858,1.9427080154418945,1.7083330154418945,1.8666670322418213,1633512000
1998-11-25,1.7526040077209473,1.8624999523162842,1.7083330154418945,1.8041670322418213,550452000
1998-11-27,1.8052079677581787,1.8166669607162476,1.774999976158142,1.8104170560836792,191736000
1998-11-30,1.600000023841858,1.8354170322418213,1.5979169607162476,1.8302079439163208,595044000
1998-12-01,1.7458330392837524,1.7479170560836792,1.5166670083999634,1.5458329916000366,943092000
1998-12-02,1.662500023841858,1.7291669845581055,1.6463539600372314,1.7244789600372314,592980000
1998-12-03,1.5791670083999634,1.7041670083999634,1.5416669845581055,1.6593749523162842,436728000
1998-12-04,1.5708329677581787,1.6416670083999634,1.5208330154418945,1.6291669607162476,445152000
1998-12-07,1.5916670560836792,1.6166670322418213,1.5427080392837524,1.6083329916000366,315480000
1998-12-08,1.7005209922790527,1.7156250476837158,1.5708329677581787,1.5802079439163208,510996000
1998-12-09,1.8020830154418945,1.8692710399627686,1.6833330392837524,1.7114579677581787,930132000
1998-12-10,1.7760419845581055,1.8666670322418213,1.7468750476837158,1.8135420083999634,607236000
1998-12-11,1.8583329916000366,1.8666670322418213,1.75,1.750520944595337,509352000
1998-12-14,1.8520829677581787,1.9166669845581055,1.8166669607162476,1.8427079916000366,775020000
1998-12-15,2.0229170322418213,2.0250000953674316,1.8791669607162476,1.8916670083999634,760308000
1998-12-16,2.4083330631256104,2.514583110809326,2.1583330631256104,2.159374952316284,2035944000
1998-12-17,2.3062500953674316,2.4291670322418213,2.171354055404663,2.200000047683716,1352700000
1998-12-18,2.3890628814697266,2.4083330631256104,2.315624952316284,2.358333110809326,459036000
1998-12-21,2.65625,2.6812500953674316,2.5,2.5291669368743896,667680000
1998-12-22,2.686458110809326,2.7416670322418213,2.5718750953674316,2.7244789600372314,635208000
1998-12-23,2.7083330154418945,2.75,2.659374952316284,2.733333110809326,291276000
1998-12-24,2.706770896911621,2.7249999046325684,2.6583330631256104,2.6854169368743896,108276000
1998-12-28,2.9328129291534424,3.015625,2.7083330154418945,2.7583329677581787,597972000
1998-12-29,2.769270896911621,2.917707920074463,2.737499952316284,2.9166669845581055,492156000
1998-12-30,2.6770830154418945,2.860416889190674,2.532291889190674,2.7750000953674316,651672000
1998-12-31,2.6770830154418945,2.7583329677581787,2.6343750953674316,2.643749952316284,365964000
1999-01-04,2.957813024520874,2.9666669368743896,2.6656250953674316,2.730729103088379,785844000
1999-01-05,3.112499952316284,3.2437500953674316,2.6624999046325684,2.739063024520874,1257464000
1999-01-06,3.450000047683716,3.5093750953674316,3.3499999046325684,3.409374952316284,723532000
1999-01-07,3.971874952316284,4.006249904632568,3.325000047683716,3.4281249046325684,945492000
1999-01-08,4.006249904632568,4.978125095367432,3.799999952316284,4.606249809265137,1333244000
1999-01-11,4.615624904632568,4.625,4.190625190734863,4.599999904632568,778460000
1999-01-12,4.084374904632568,4.550000190734863,3.9749999046325684,4.512499809265137,488864000
1999-01-13,3.700000047683716,4.087500095367432,3.125,3.125,597528000
1999-01-14,3.450000047683716,3.981250047683716,3.4000000953674316,3.75,418248000
1999-01-15,3.5093750953674316,3.75156307220459,3.440624952316284,3.5,402652000
1999-01-19,3.4953129291534424,3.762500047683716,3.40625,3.762500047683716,228108000
1999-01-20,2.825000047683716,3.424999952316284,2.7437500953674316,3.37656307220459,610704000
1999-01-21,2.6500000953674316,2.7593750953674316,2.31406307220459,2.612499952316284,940964000
1999-01-22,3.075000047683716,3.1468749046325684,2.46875,2.487499952316284,875316000
1999-01-25,2.809375047683716,3.0843749046325684,2.75,3.0374999046325684,546476000
1999-01-26,2.8773438930511475,3.03125,2.765625,2.815624952316284,490696000
1999-01-27,3.140625,3.4937500953674316,3.0,3.3531250953674316,700452000
1999-01-28,3.0718750953674316,3.21875,3.0062499046325684,3.160938024520874,475012000
1999-01-29,2.92343807220459,3.0406250953674316,2.875,3.0406250953674316,327920000
1999-02-01,2.8968749046325684,3.0578129291534424,2.875,2.9437499046325684,255620000
1999-02-02,2.7562499046325684,2.910938024520874,2.7125000953674316,2.909374952316284,260972000
1999-02-03,3.143749952316284,3.1500000953674316,2.7125000953674316,2.7249999046325684,375820000
1999-02-04,2.950000047683716,3.168750047683716,2.90625,3.1312499046325684,232992000
1999-02-05,2.8968749046325684,3.0718750953674316,2.8078129291534424,2.924999952316284,171320000
1999-02-08,2.7281250953674316,2.878124952316284,2.643749952316284,2.859375,251964000
1999-02-09,2.5,2.700000047683716,2.4984378814697266,2.6984379291534424,256520000
1999-02-10,2.4359378814697266,2.5843749046325684,2.375,2.456249952316284,264100000
1999-02-11,2.746875047683716,2.754688024520874,2.487499952316284,2.512500047683716,275860000
1999-02-12,2.612499952316284,2.746875047683716,2.590625047683716,2.700000047683716,155308000
1999-02-16,2.465625047683716,2.7125000953674316,2.424999952316284,2.671875,155596000
1999-02-17,2.3375000953674316,2.551563024520874,2.3125,2.460937976837158,193372000
1999-02-18,2.237499952316284,2.4124999046325684,2.106250047683716,2.4124999046325684,431252000
1999-02-19,2.546875,2.5625,2.2750000953674316,2.359375,538364000
1999-02-22,2.6624999046325684,2.7406249046325684,2.450000047683716,2.543750047683716,384244000
1999-02-23,2.879688024520874,2.924999952316284,2.737499952316284,2.753124952316284,422784000
1999-02-24,2.773437976837158,3.054687976837158,2.7562499046325684,2.940624952316284,495728000
1999-02-25,3.125,3.140625,2.8656249046325684,2.9156250953674316,733796000
1999-02-26,3.203125,3.25,3.0250000953674316,3.168750047683716,507308000
1999-03-01,3.325000047683716,3.4015629291534424,3.0999999046325684,3.174999952316284,387380000
1999-03-02,3.03281307220459,3.393749952316284,3.0265629291534424,3.36093807220459,332064000
1999-03-03,3.0875000953674316,3.1875,3.0062499046325684,3.09375,310576000
1999-03-04,3.003124952316284,3.174999952316284,2.8968749046325684,3.137500047683716,357748000
1999-03-05,3.0374999046325684,3.112499952316284,2.9593749046325684,3.098438024520874,243524000
1999-03-08,3.054687976837158,3.160938024520874,2.981250047683716,3.035938024520874,209252000
1999-03-09,3.2484378814697266,3.331249952316284,3.085937976837158,3.128124952316284,325840000
1999-03-10,3.4281249046325684,3.473438024520874,3.3499999046325684,3.418750047683716,282352000
1999-03-11,3.371875047683716,3.5687499046325684,3.2750000953674316,3.4937500953674316,325044000
1999-03-12,3.332813024520874,3.3843750953674316,3.215625047683716,3.3499999046325684,186652000
1999-03-15,3.473438024520874,3.4749999046325684,3.2750000953674316,3.325000047683716,140416000
1999-03-16,3.34531307220459,3.5093750953674316,3.3187499046325684,3.4749999046325684,150688000
1999-03-17,3.2750000953674316,3.3375000953674316,3.206249952316284,3.28281307220459,157348000
1999-03-18,3.460937976837158,3.5,3.309375047683716,3.3218750953674316,246004000
1999-03-19,3.37656307220459,3.5765628814697266,3.375,3.546875,214504000
1999-03-22,3.299999952316284,3.4124999046325684,3.262500047683716,3.32968807220459,131968000
1999-03-23,2.984375,3.246875047683716,2.950000047683716,3.215625047683716,224336000
1999-03-24,3.0921878814697266,3.0999999046325684,2.8499999046325684,2.929687976837158,230876000
1999-03-25,3.496875047683716,3.5,3.20468807220459,3.223438024520874,321996000
1999-03-26,3.476562976837158,3.6937499046325684,3.434375047683716,3.5,498440000
1999-03-29,3.7406249046325684,3.7874999046325684,3.700000047683716,3.75,377760000
1999-03-30,4.117187976837158,4.237500190734863,3.788280963897705,3.799999952316284,523548000
1999-03-31,4.304687976837158,4.449999809265137,4.128125190734863,4.28125,441884000
1999-04-01,4.275000095367432,4.503125190734863,4.1875,4.484375,231464000
1999-04-05,4.662499904632568,4.6875,4.293749809265137,4.315625190734863,318336000
1999-04-06,4.571875095367432,4.893750190734863,4.487500190734863,4.612500190734863,290636000
1999-04-07,4.395312786102295,4.6828131675720215,4.28125,4.665625095367432,263332000
1999-04-08,4.474999904632568,4.603125095367432,4.150000095367432,4.3703131675720215,229756000
1999-04-09,4.571875095367432,4.650000095367432,4.393750190734863,4.453125,136780000
1999-04-12,4.61093807220459,4.706250190734863,4.400000095367432,4.403124809265137,171384000
1999-04-13,4.459374904632568,4.800000190734863,4.456250190734863,4.668749809265137,160776000
1999-04-14,4.199999809265137,4.612500190734863,4.165625095367432,4.550000190734863,199056000
1999-04-15,4.181250095367432,4.262499809265137,3.7750000953674316,4.146874904632568,329968000
1999-04-16,4.75,4.787499904632568,4.51718807220459,4.596875190734863,633204000
1999-04-19,3.973438024520874,4.724999904632568,3.875,4.724999904632568,567396000
1999-04-20,4.300000190734863,4.357812881469727,3.8375000953674316,3.9328129291534424,400100000
1999-04-21,4.481249809265137,4.550000190734863,4.224999904632568,4.309374809265137,221640000
1999-04-22,4.75156307220459,4.775000095367432,4.4484381675720215,4.607812881469727,250764000
1999-04-23,5.253125190734863,5.412499904632568,4.793749809265137,4.821875095367432,634336000
1999-04-26,5.179687976837158,5.396874904632568,5.099999904632568,5.224999904632568,279700000
1999-04-27,5.146874904632568,5.53125,5.050000190734863,5.425000190734863,357908000
1999-04-28,4.837500095367432,5.050000190734863,4.559374809265137,5.0,389476000
1999-04-29,4.206250190734863,4.543749809265137,4.125,4.310937881469727,844168000
1999-04-30,4.301562786102295,4.5,4.125,4.425000190734863,355528000
1999-05-03,3.773437976837158,4.176562786102295,3.753124952316284,4.171875,523728000
1999-05-04,3.575000047683716,4.012499809265137,3.512500047683716,3.815624952316284,433928000
1999-05-05,3.6624999046325684,3.706249952316284,3.346874952316284,3.596874952316284,554196000
1999-05-06,3.434375047683716,3.7750000953674316,3.393749952316284,3.700000047683716,365688000
1999-05-07,3.409374952316284,3.5999999046325684,3.2750000953674316,3.518749952316284,333080000
1999-05-10,3.671875,3.674999952316284,3.3499999046325684,3.4156250953674316,284824000
1999-05-11,3.7093749046325684,3.846874952316284,3.5999999046325684,3.76718807220459,278828000
1999-05-12,3.5734379291534424,3.715625047683716,3.5374999046325684,3.7015628814697266,146548000
1999-05-13,3.4000000953674316,3.6968750953674316,3.4000000953674316,3.609375,229980000
1999-05-14,3.309375047683716,3.3687500953674316,3.2453129291534424,3.328125,225336000
1999-05-17,3.440624952316284,3.450000047683716,3.0374999046325684,3.25,417164000
1999-05-18,3.315624952316284,3.4375,3.273437976837158,3.410938024520874,248156000
1999-05-19,3.489063024520874,3.4906249046325684,3.3375000953674316,3.348438024520874,252384000
1999-05-20,3.270313024520874,3.450000047683716,3.262500047683716,3.418750047683716,137880000
1999-05-21,3.2140629291534424,3.299999952316284,3.143749952316284,3.268749952316284,160112000
1999-05-24,2.9375,3.234375,2.9000000953674316,3.215625047683716,285076000
1999-05-25,2.789062976837158,3.028125047683716,2.784374952316284,2.9312500953674316,310204000
1999-05-26,3.023437976837158,3.046875,2.612499952316284,2.82968807220459,423172000
1999-05-27,2.864063024520874,3.0140628814697266,2.8499999046325684,2.9906249046325684,271468000
1999-05-28,2.96875,3.0093750953674316,2.799999952316284,2.890625,193604000
1999-06-01,2.645313024520874,2.8375000953674316,2.6246089935302734,2.7874999046325684,401528000
1999-06-02,2.8031249046325684,2.875,2.4281249046325684,2.6187500953674316,738128000
1999-06-03,2.62656307220459,2.862499952316284,2.612499952316284,2.848438024520874,346232000
1999-06-04,2.710937976837158,2.75,2.5406250953674316,2.640625,389836000
1999-06-07,2.934375047683716,2.996875047683716,2.700000047683716,2.7140629291534424,338028000
1999-06-08,2.789062976837158,3.034374952316284,2.7593750953674316,3.0,276888000
1999-06-09,2.8499999046325684,2.862499952316284,2.7437500953674316,2.848438024520874,178084000
1999-06-10,2.898437976837158,2.953125,2.753124952316284,2.796875,254212000
1999-06-11,2.645313024520874,2.924999952316284,2.6187500953674316,2.878124952316284,277732000
1999-06-14,2.299999952316284,2.612499952316284,2.2437500953674316,2.598438024520874,415292000
1999-06-15,2.4124999046325684,2.4937500953674316,2.265625,2.3062500953674316,366188000
1999-06-16,2.7921879291534424,2.825000047683716,2.5250000953674316,2.53281307220459,434144000
1999-06-17,2.8234379291534424,2.9781250953674316,2.7406249046325684,2.7906250953674316,380828000
1999-06-18,2.78281307220459,2.862499952316284,2.737499952316284,2.79843807220459,159440000
1999-06-21,3.0875000953674316,3.0890629291534424,2.793750047683716,2.8390629291534424,324544000
1999-06-22,2.9375,3.237499952316284,2.9124999046325684,3.07968807220459,334588000
1999-06-23,2.9437499046325684,3.03281307220459,2.8031249046325684,2.8890628814697266,328596000
1999-06-24,2.840625047683716,2.97031307220459,2.825000047683716,2.953125,167104000
1999-06-25,2.754688024520874,2.9375,2.703125,2.910938024520874,195036000
1999-06-28,2.76718807220459,2.796875,2.5609378814697266,2.7750000953674316,337436000
1999-06-29,2.9015629291534424,2.956249952316284,2.71875,2.7562499046325684,312960000
1999-06-30,3.128124952316284,3.231250047683716,2.875,2.9124999046325684,338124000
1999-07-01,3.059375047683716,3.1624999046325684,2.950000047683716,3.1312499046325684,287656000
1999-07-02,3.101562976837158,3.1500000953674316,3.018749952316284,3.081249952316284,144168000
1999-07-06,3.171875,3.332813024520874,3.137500047683716,3.200000047683716,297724000
1999-07-07,3.046875,3.1875,3.0,3.153125047683716,199760000
1999-07-08,3.1343750953674316,3.1875,3.03281307220459,3.140625,212488000
1999-07-09,3.137500047683716,3.1937499046325684,3.101562976837158,3.153125047683716,111636000
1999-07-12,2.934375047683716,3.137500047683716,2.9000000953674316,3.125,213064000
1999-07-13,3.153125047683716,3.179687976837158,2.875,2.90625,409064000
1999-07-14,3.375,3.375,3.145313024520874,3.184375047683716,388072000
1999-07-15,3.489063024520874,3.5374999046325684,3.3343749046325684,3.375,455260000
1999-07-16,3.440624952316284,3.5625,3.403125047683716,3.46875,205948000
1999-07-19,3.2921879291534424,3.4156250953674316,3.2874999046325684,3.4000000953674316,188768000
1999-07-20,3.003124952316284,3.234375,3.00156307220459,3.2281250953674316,344436000
1999-07-21,3.1359379291534424,3.206249952316284,3.0062499046325684,3.0250000953674316,342688000
1999-07-22,2.6703128814697266,2.9281249046325684,2.6187500953674316,2.910938024520874,1150944000
1999-07-23,2.864063024520874,2.8687500953674316,2.57968807220459,2.7453129291534424,601612000
1999-07-26,2.648437976837158,2.887500047683716,2.625,2.7609379291534424,612552000
1999-07-27,2.5250000953674316,2.7593750953674316,2.503124952316284,2.7249999046325684,475396000
1999-07-28,2.643749952316284,2.653125047683716,2.4906249046325684,2.5496089458465576,515672000
1999-07-29,2.539062976837158,2.609375,2.5,2.559375047683716,374960000
1999-07-30,2.50156307220459,2.5687499046325684,2.4375,2.5531249046325684,241140000
1999-08-02,2.3499999046325684,2.5531249046325684,2.348438024520874,2.4593749046325684,339356000
1999-08-03,2.371875047683716,2.424999952316284,2.2406249046325684,2.424999952316284,582780000
1999-08-04,2.210937976837158,2.409374952316284,2.200000047683716,2.34375,448228000
1999-08-05,2.4312500953674316,2.450000047683716,2.049999952316284,2.18906307220459,750340000
1999-08-06,2.239063024520874,2.487499952316284,2.231250047683716,2.4156250953674316,424376000
1999-08-09,2.137500047683716,2.2874999046325684,2.114063024520874,2.2874999046325684,260828000
1999-08-10,2.2750000953674316,2.304687976837158,2.049999952316284,2.1343750953674316,463900000
1999-08-11,2.273437976837158,2.3812499046325684,2.129688024520874,2.309375047683716,513100000
1999-08-12,2.293750047683716,2.393749952316284,2.234375,2.2750000953674316,262816000
1999-08-13,2.4359378814697266,2.4359378814697266,2.3531250953674316,2.375,215696000
1999-08-16,2.457813024520874,2.5218749046325684,2.387500047683716,2.456249952316284,255064000
1999-08-17,2.731250047683716,2.737499952316284,2.496875047683716,2.512500047683716,473376000
1999-08-18,2.828125,2.9375,2.8125,2.878124952316284,568308000
1999-08-19,2.653125047683716,2.7796878814697266,2.628124952316284,2.768749952316284,365700000
1999-08-20,2.835937976837158,2.8390629291534424,2.628124952316284,2.65625,285624000
1999-08-23,2.9593749046325684,3.012500047683716,2.893749952316284,2.898437976837158,384120000
1999-08-24,3.00156307220459,3.137500047683716,2.898437976837158,2.9000000953674316,500200000
1999-08-25,3.3218750953674316,3.325000047683716,3.0374999046325684,3.070312976837158,418828000
1999-08-26,3.2140629291534424,3.3890628814697266,3.1875,3.325000047683716,384884000
1999-08-27,3.2125000953674316,3.2632811069488525,3.125,3.262500047683716,258456000
1999-08-30,2.981250047683716,3.25,2.9468750953674316,3.18906307220459,369888000
1999-08-31,3.109375,3.117187976837158,2.804687976837158,2.9593749046325684,655848000
1999-09-01,2.976562976837158,3.174999952316284,2.9375,3.174999952316284,439232000
1999-09-02,3.003124952316284,3.096874952316284,2.8687500953674316,2.875,336774000
1999-09-03,3.121875047683716,3.200000047683716,3.03125,3.1812500953674316,328718000
1999-09-07,3.1468749046325684,3.21875,3.106250047683716,3.190624952316284,180174000
1999-09-08,3.0718750953674316,3.1624999046325684,3.046875,3.0999999046325684,139520000
1999-09-09,3.1812500953674316,3.221874952316284,3.1187500953674316,3.174999952316284,183664000
1999-09-10,3.325000047683716,3.4000000953674316,3.2437500953674316,3.296875,248418000
1999-09-13,3.1656250953674316,3.299999952316284,3.125,3.28125,154952000
1999-09-14,3.299999952316284,3.3218750953674316,3.137500047683716,3.137500047683716,175656000
1999-09-15,3.278125047683716,3.3968749046325684,3.25,3.387500047683716,156346000
1999-09-16,3.262500047683716,3.2906250953674316,3.137500047683716,3.246875047683716,141178000
1999-09-17,3.190624952316284,3.299999952316284,3.137500047683716,3.28125,144790000
1999-09-20,3.137500047683716,3.25,3.1343750953674316,3.184375047683716,119142000
1999-09-21,3.112499952316284,3.1968750953674316,3.049999952316284,3.081249952316284,164650000
1999-09-22,3.299999952316284,3.325000047683716,3.034374952316284,3.143749952316284,200750000
1999-09-23,3.112499952316284,3.4375,3.0617189407348633,3.3499999046325684,287472000
1999-09-24,3.25,3.299999952316284,3.075000047683716,3.0999999046325684,219450000
1999-09-27,3.128124952316284,3.393749952316284,3.09375,3.309375047683716,287662000
1999-09-28,3.293750047683716,3.325000047683716,3.0562500953674316,3.125,315376000
1999-09-29,4.037499904632568,4.25,3.2874999046325684,3.325000047683716,1587488000
1999-09-30,3.996875047683716,4.074999809265137,3.8125,3.9906249046325684,620924000
1999-10-01,3.862499952316284,3.9625000953674316,3.832813024520874,3.8499999046325684,208606000
1999-10-04,3.8531250953674316,3.987499952316284,3.7874999046325684,3.971874952316284,195148000
1999-10-05,3.921875,3.987499952316284,3.737499952316284,3.856250047683716,328402000
1999-10-06,4.121874809265137,4.181250095367432,3.9749999046325684,3.9781250953674316,310644000
1999-10-07,4.365624904632568,4.5,4.175000190734863,4.28125,492188000
1999-10-08,4.462500095367432,4.474999904632568,4.221875190734863,4.34375,229174000
1999-10-11,4.418749809265137,4.46875,4.337500095367432,4.456250190734863,133848000
1999-10-12,4.246874809265137,4.425000190734863,4.243750095367432,4.384375095367432,144628000
1999-10-13,3.996875047683716,4.25,3.9781250953674316,4.125,231236000
1999-10-14,3.9796879291534424,4.168749809265137,3.921875,4.025000095367432,254260000
1999-10-15,3.753124952316284,3.8531250953674316,3.6968750953674316,3.793750047683716,243738000
1999-10-18,3.703125,3.825000047683716,3.5531249046325684,3.753124952316284,215876000
1999-10-19,3.831249952316284,3.9124999046325684,3.78125,3.8812499046325684,155600000
1999-10-20,4.025000095367432,4.03125,3.817188024520874,3.9156250953674316,154710000
1999-10-21,4.037499904632568,4.140625,3.8531250953674316,3.8968749046325684,179220000
1999-10-22,3.9312500953674316,4.181250095367432,3.9000000953674316,4.071875095367432,146096000
1999-10-25,4.137499809265137,4.150000095367432,3.8968749046325684,3.950000047683716,143618000
1999-10-26,4.0625,4.215624809265137,4.006249904632568,4.15625,154230000
1999-10-27,3.796875,3.96875,3.7406249046325684,3.96875,256704000
1999-10-28,3.549999952316284,3.65625,3.293750047683716,3.4749999046325684,714528000
1999-10-29,3.53125,3.640625,3.4625000953674316,3.637500047683716,193776000
1999-11-01,3.456249952316284,3.59375,3.315624952316284,3.403125047683716,256482000
1999-11-02,3.3218750953674316,3.5,3.253124952316284,3.487499952316284,264864000
1999-11-03,3.2906250953674316,3.424999952316284,3.25,3.409374952316284,215442000
1999-11-04,3.153125047683716,3.393749952316284,3.049999952316284,3.359375,335184000
1999-11-05,3.246875047683716,3.2750000953674316,3.112499952316284,3.237499952316284,221828000
1999-11-08,3.9000000953674316,4.0,3.174999952316284,3.2406249046325684,646788000
1999-11-09,3.5406250953674316,4.153124809265137,3.5,4.099999904632568,529542000
1999-11-10,3.5999999046325684,3.75,3.5062499046325684,3.578125,230134000
1999-11-11,3.6500000953674316,3.831249952316284,3.5687499046325684,3.737499952316284,185878000
1999-11-12,3.746875047683716,3.75,3.5406250953674316,3.6875,206392000
1999-11-15,3.674999952316284,3.799999952316284,3.6656250953674316,3.78125,128744000
1999-11-16,3.9468750953674316,3.981250047683716,3.6875,3.7125000953674316,304774000
1999-11-17,3.825000047683716,4.0,3.7718749046325684,3.8968749046325684,133148000
1999-11-18,3.8968749046325684,3.909374952316284,3.762500047683716,3.8375000953674316,116208000
1999-11-19,3.8968749046325684,3.90625,3.8031249046325684,3.893749952316284,115212000
1999-11-22,4.025000095367432,4.125,3.799999952316284,3.893749952316284,214168000
1999-11-23,4.087500095367432,4.28125,3.8125,4.018750190734863,366650000
1999-11-24,4.362500190734863,4.387499809265137,4.162499904632568,4.212500095367432,289662000
1999-11-26,4.65625,4.756249904632568,4.53125,4.553124904632568,229920000
1999-11-29,4.521874904632568,4.84375,4.506249904632568,4.775000095367432,361074000
1999-11-30,4.253125190734863,4.443749904632568,4.190625190734863,4.413280963897705,269310000
1999-12-01,4.25,4.393750190734863,4.098437786102295,4.362500190734863,213272000
1999-12-02,4.453125,4.565625190734863,4.28125,4.300000190734863,190774000
1999-12-03,4.328125,4.668749809265137,4.303124904632568,4.625,223024000
1999-12-06,4.387499809265137,4.493750095367432,4.234375,4.34375,183984000
1999-12-07,4.303124904632568,4.400000095367432,4.21875,4.400000095367432,134542000
1999-12-08,4.428124904632568,4.650000095367432,4.300000190734863,4.340624809265137,257344000
1999-12-09,5.181250095367432,5.650000095367432,4.671875,4.775000095367432,827292000
1999-12-10,5.334374904632568,5.599999904632568,5.221875190734863,5.596875190734863,298580000
1999-12-13,5.125,5.331250190734863,5.074999809265137,5.331250190734863,173074000
1999-12-14,4.78125,5.199999809265137,4.678124904632568,5.1875,202158000
1999-12-15,4.824999809265137,4.971875190734863,4.550000190734863,4.643750190734863,202670000
1999-12-16,4.743750095367432,4.9375,4.675000190734863,4.912499904632568,140088000
1999-12-17,4.703125,4.881249904632568,4.690625190734863,4.859375,119118000
1999-12-20,4.849999904632568,5.099999904632568,4.753125190734863,4.887499809265137,211332000
1999-12-21,4.993750095367432,5.021874904632568,4.775000095367432,4.828125,190190000
1999-12-22,4.884375095367432,5.028124809265137,4.775000095367432,5.028124809265137,118420000
1999-12-23,4.5,4.949999809265137,4.453125,4.900000095367432,258292000
1999-12-27,4.056250095367432,4.412499904632568,4.0,4.387499809265137,330476000
1999-12-28,4.115624904632568,4.324999809265137,4.078125,4.153124809265137,206086000
1999-12-29,4.175000190734863,4.268750190734863,4.131249904632568,4.171875,118260000
1999-12-30,3.953125,4.256249904632568,3.924999952316284,4.231249809265137,185132000
1999-12-31,3.8062500953674316,3.96875,3.799999952316284,3.965625047683716,145414000
2000-01-03,4.46875,4.478125095367432,3.9523439407348633,4.074999809265137,322352000
2000-01-04,4.096875190734863,4.574999809265137,4.087500095367432,4.268750190734863,349748000
2000-01-05,3.487499952316284,3.7562499046325684,3.4000000953674316,3.5250000953674316,769148000
2000-01-06,3.278125047683716,3.6343750953674316,3.200000047683716,3.565624952316284,375040000
2000-01-07,3.4781250953674316,3.5250000953674316,3.309375047683716,3.3499999046325684,210108000
2000-01-10,3.4593749046325684,3.6312499046325684,3.278125047683716,3.628124952316284,295158000
2000-01-11,3.3375000953674316,3.5,3.25,3.34375,210654000
2000-01-12,3.1781249046325684,3.4000000953674316,3.1500000953674316,3.393749952316284,216090000
2000-01-13,3.296875,3.359375,3.15625,3.246875047683716,208962000
2000-01-14,3.2125000953674316,3.4312500953674316,3.200000047683716,3.3375000953674316,137072000
2000-01-18,3.206249952316284,3.2593750953674316,3.1500000953674316,3.171875,107698000
2000-01-19,3.340625047683716,3.375,3.1500000953674316,3.206249952316284,164910000
2000-01-20,3.237499952316284,3.3499999046325684,3.1968750953674316,3.346874952316284,119560000
2000-01-21,3.1031250953674316,3.231250047683716,3.0,3.231250047683716,229238000
2000-01-24,3.5062499046325684,3.668750047683716,3.375,3.378124952316284,583404000
2000-01-25,3.4625000953674316,3.5625,3.299999952316284,3.5,188682000
2000-01-26,3.2406249046325684,3.5,3.237499952316284,3.4312500953674316,131160000
2000-01-27,3.346874952316284,3.387500047683716,3.231250047683716,3.2593750953674316,135680000
2000-01-28,3.0843749046325684,3.3218750953674316,3.0,3.25,275558000
2000-01-31,3.2281250953674316,3.237499952316284,2.921875,3.018749952316284,213958000
2000-02-01,3.371875047683716,3.53125,3.21875,3.375,268092000
2000-02-02,3.471874952316284,3.612499952316284,3.387500047683716,3.3968749046325684,280518000
2000-02-03,4.209374904632568,4.296875,3.8687500953674316,4.056250095367432,875000000
2000-02-04,3.9281249046325684,4.137499809265137,3.893749952316284,4.137499809265137,220460000
2000-02-07,3.75,3.84375,3.65625,3.809375047683716,202580000
2000-02-08,4.15625,4.199999809265137,3.671875,3.700000047683716,389456000
2000-02-09,4.012499809265137,4.186718940734863,4.000781059265137,4.027344226837158,191608000
2000-02-10,3.809375047683716,3.9937500953674316,3.7750000953674316,3.924999952316284,199592000
2000-02-11,3.809375047683716,3.956249952316284,3.7750000953674316,3.856250047683716,166180000
2000-02-14,3.721874952316284,3.7874999046325684,3.6781249046325684,3.784374952316284,103394000
2000-02-15,3.690624952316284,3.809375047683716,3.53125,3.671875,128490000
2000-02-16,3.534374952316284,3.671875,3.53125,3.637500047683716,85204000
2000-02-17,3.450000047683716,3.565624952316284,3.4000000953674316,3.5625,122592000
2000-02-18,3.237499952316284,3.450000047683716,3.1937499046325684,3.421875,174528000
2000-02-22,3.1781249046325684,3.325000047683716,3.153125047683716,3.246875047683716,113716000
2000-02-23,3.5218749046325684,3.5875000953674316,3.234375,3.2437500953674316,168824000
2000-02-24,3.421875,3.5687499046325684,3.28125,3.528125047683716,117386000
2000-02-25,3.456249952316284,3.46875,3.2593750953674316,3.371875047683716,97410000
2000-02-28,3.2874999046325684,3.359375,3.206249952316284,3.328125,101154000
2000-02-29,3.4437499046325684,3.4484379291534424,3.293750047683716,3.299999952316284,142970000
2000-03-01,3.293750047683716,3.424999952316284,3.25,3.3812499046325684,111534000
2000-03-02,3.128124952316284,3.25,3.109375,3.246875047683716,159602000
2000-03-03,3.125,3.237499952316284,3.1031250953674316,3.1624999046325684,121190000
2000-03-06,3.1968750953674316,3.362499952316284,3.140625,3.143749952316284,153316000
2000-03-07,3.174999952316284,3.2906250953674316,3.106250047683716,3.2437500953674316,83576000
2000-03-08,3.1812500953674316,3.237499952316284,3.028125047683716,3.1624999046325684,118814000
2000-03-09,3.440624952316284,3.450000047683716,3.109375,3.1500000953674316,166250000
2000-03-10,3.34375,3.426563024520874,3.25,3.362499952316284,74270000
2000-03-13,3.265625,3.331249952316284,3.1500000953674316,3.200000047683716,112686000
2000-03-14,3.28125,3.346874952316284,3.168750047683716,3.3031249046325684,96106000
2000-03-15,3.1875,3.2562499046325684,3.0999999046325684,3.237499952316284,121654000
2000-03-16,3.3125,3.3187499046325684,3.0,3.112499952316284,194062000
2000-03-17,3.2406249046325684,3.3187499046325684,3.2249999046325684,3.3031249046325684,105970000
2000-03-20,3.2093749046325684,3.2249999046325684,3.1187500953674316,3.174999952316284,116270000
2000-03-21,3.6187500953674316,3.6500000953674316,3.112499952316284,3.2562499046325684,341658000
2000-03-22,3.534374952316284,3.700000047683716,3.4625000953674316,3.543750047683716,231328000
2000-03-23,3.3843750953674316,3.546875,3.375,3.4749999046325684,108842000
2000-03-24,3.6343750953674316,3.762500047683716,3.565624952316284,3.731250047683716,194920000
2000-03-27,3.65625,3.7562499046325684,3.5875000953674316,3.612499952316284,94972000
2000-03-28,3.5062499046325684,3.637500047683716,3.473438024520874,3.6187500953674316,103952000
2000-03-29,3.3125,3.4937500953674316,3.25,3.4749999046325684,117730000
2000-03-30,3.325000047683716,3.3687500953674316,3.200000047683716,3.2249999046325684,100680000
2000-03-31,3.3499999046325684,3.356250047683716,3.1500000953674316,3.3375000953674316,102310000
2000-04-03,3.1781249046325684,3.284374952316284,3.0999999046325684,3.2718749046325684,97308000
2000-04-04,3.1968750953674316,3.2718749046325684,2.7874999046325684,3.143749952316284,286360000
2000-04-05,3.109375,3.246875047683716,3.0250000953674316,3.0875000953674316,98000000
2000-04-06,3.2125000953674316,3.2750000953674316,3.09375,3.171875,120654000
2000-04-07,3.378124952316284,3.4312500953674316,3.206249952316284,3.2562499046325684,121046000
2000-04-10,3.168750047683716,3.421875,3.1624999046325684,3.362499952316284,90472000
2000-04-11,3.168750047683716,3.299999952316284,3.0625,3.125,94132000
2000-04-12,2.8187499046325684,3.21875,2.8125,3.200000047683716,173910000
2000-04-13,2.4000000953674316,2.9375,2.3968749046325684,2.893749952316284,213580000
2000-04-14,2.34375,2.6187500953674316,2.0406250953674316,2.393749952316284,401490000
2000-04-17,2.3531250953674316,2.5999999046325684,2.231250047683716,2.262500047683716,243618000
2000-04-18,2.746875047683716,2.8125,2.356250047683716,2.3812499046325684,214700000
2000-04-19,2.671875,2.765625,2.5843749046325684,2.765625,107476000
2000-04-20,2.6187500953674316,2.684375047683716,2.4937500953674316,2.668750047683716,98506000
2000-04-24,2.4906249046325684,2.578125,2.2437500953674316,2.46875,133866000
2000-04-25,2.621875047683716,2.706249952316284,2.512500047683716,2.590625047683716,143008000
2000-04-26,2.674999952316284,2.871875047683716,2.6226561069488525,2.6656250953674316,240128000
2000-04-27,2.643749952316284,2.762500047683716,2.424999952316284,2.465625047683716,225320000
2000-04-28,2.7593750953674316,2.78125,2.65625,2.700000047683716,136676000
2000-05-01,2.996875047683716,3.015625,2.762500047683716,2.799999952316284,171570000
2000-05-02,2.8062500953674316,3.0,2.793750047683716,2.9593749046325684,148558000
2000-05-03,2.706249952316284,2.828125,2.6500000953674316,2.762500047683716,108496000
2000-05-04,2.753124952316284,2.825000047683716,2.65625,2.7125000953674316,94504000
2000-05-05,2.924999952316284,2.9312500953674316,2.706249952316284,2.731250047683716,81242000
2000-05-08,2.800781011581421,2.9625000953674316,2.7718749046325684,2.840625047683716,79000000
2000-05-09,2.8125,2.887500047683716,2.6500000953674316,2.825000047683716,91036000
2000-05-10,2.6656250953674316,2.768749952316284,2.450000047683716,2.726562976837158,174230000
2000-05-11,2.7437500953674316,2.7874999046325684,2.546875,2.6968750953674316,111616000
2000-05-12,2.6875,2.825000047683716,2.65625,2.734375,79392000
2000-05-15,2.8031249046325684,2.825000047683716,2.543750047683716,2.6812500953674316,82508000
2000-05-16,2.953125,2.9937500953674316,2.799999952316284,2.856250047683716,128644000
2000-05-17,3.049999952316284,3.1187500953674316,2.8499999046325684,2.859375,139972000
2000-05-18,2.768749952316284,3.043750047683716,2.7562499046325684,3.018749952316284,94540000
2000-05-19,2.6312499046325684,2.7874999046325684,2.612499952316284,2.731250047683716,92218000
2000-05-22,2.59375,2.65625,2.34375,2.6500000953674316,165456000
2000-05-23,2.3343749046325684,2.59375,2.325000047683716,2.5250000953674316,116744000
2000-05-24,2.4281249046325684,2.487499952316284,2.0218749046325684,2.3218750953674316,233332000
2000-05-25,2.2750000953674316,2.5,2.2750000953674316,2.4749999046325684,98390000
2000-05-26,2.325000047683716,2.387500047683716,2.200000047683716,2.3125,72420000
2000-05-30,2.5875000953674316,2.59375,2.3656249046325684,2.3656249046325684,112264000
2000-05-31,2.4156250953674316,2.612499952316284,2.40625,2.5374999046325684,137640000
2000-06-01,2.5093750953674316,2.5562500953674316,2.3187499046325684,2.4437499046325684,152444000
2000-06-02,2.893749952316284,2.90625,2.612499952316284,2.6187500953674316,166450000
2000-06-05,2.7249999046325684,2.8125,2.625,2.75156307220459,136264000
2000-06-06,2.528125047683716,2.7281250953674316,2.512500047683716,2.700000047683716,97062000
2000-06-07,2.590625047683716,2.609375,2.5062499046325684,2.59375,76824000
2000-06-08,2.59375,2.671875,2.581249952316284,2.628124952316284,60806000
2000-06-09,2.609375,2.6624999046325684,2.59375,2.596874952316284,38446000
2000-06-12,2.421875,2.609375,2.3499999046325684,2.609375,79720000
2000-06-13,2.450000047683716,2.4749999046325684,2.3125,2.409374952316284,95770000
2000-06-14,2.3218750953674316,2.4937500953674316,2.299999952316284,2.465625047683716,100410000
2000-06-15,2.315624952316284,2.3968749046325684,2.265625,2.3499999046325684,71094000
2000-06-16,2.299999952316284,2.371875047683716,2.268749952316284,2.362499952316284,61418000
2000-06-19,2.265625,2.293750047683716,2.174999952316284,2.2750000953674316,103030000
2000-06-20,2.3062500953674316,2.4312500953674316,2.2562499046325684,2.293750047683716,123982000
2000-06-21,2.3031249046325684,2.346874952316284,2.253124952316284,2.2718749046325684,71466000
2000-06-22,2.0999999046325684,2.3218750953674316,2.081249952316284,2.309375047683716,210322000
2000-06-23,1.693750023841858,1.850000023841858,1.6234380006790161,1.8312499523162842,1036764000
2000-06-26,1.696874976158142,1.7664060592651367,1.640625,1.765625,421528000
2000-06-27,1.8250000476837158,1.9249999523162842,1.6749999523162842,1.6875,352764000
2000-06-28,1.8937499523162842,1.9968750476837158,1.806249976158142,1.84375,297486000
2000-06-29,1.8562500476837158,1.9249999523162842,1.806249976158142,1.8562500476837158,179730000
2000-06-30,1.8156249523162842,1.8624999523162842,1.774999976158142,1.850000023841858,129038000
2000-07-03,1.850000023841858,1.875,1.8250000476837158,1.834375023841858,35248000
2000-07-05,1.8250000476837158,1.9249999523162842,1.818750023841858,1.850000023841858,84272000
2000-07-06,1.803125023841858,1.868749976158142,1.7374999523162842,1.84375,135342000
2000-07-07,1.806249976158142,1.850000023841858,1.7625000476837158,1.806249976158142,77412000
2000-07-10,1.7531249523162842,1.818750023841858,1.75,1.818750023841858,84812000
2000-07-11,1.65625,1.7625000476837158,1.631250023841858,1.759374976158142,197930000
2000-07-12,1.7531249523162842,1.806249976158142,1.712499976158142,1.771875023841858,225318000
2000-07-13,1.75,1.7999999523162842,1.743749976158142,1.78125,171950000
2000-07-14,2.1312499046325684,2.160156011581421,1.8156249523162842,1.818750023841858,448722000
2000-07-17,2.0562500953674316,2.1968750953674316,2.012500047683716,2.143749952316284,130600000
2000-07-18,2.0875000953674316,2.1812500953674316,1.975000023841858,2.0062499046325684,159168000
2000-07-19,2.043750047683716,2.078125,1.9500000476837158,2.075000047683716,94874000
2000-07-20,2.015625,2.168750047683716,1.975000023841858,2.046875,138914000
2000-07-21,2.0562500953674316,2.125,2.0218749046325684,2.0218749046325684,94258000
2000-07-24,1.9375,2.0687499046325684,1.9031250476837158,2.0531249046325684,115564000
2000-07-25,1.881250023841858,1.9375,1.662500023841858,1.837499976158142,555050000
2000-07-26,1.803125023841858,1.8359379768371582,1.703125,1.7531249523162842,310956000
2000-07-27,1.568750023841858,1.600000023841858,1.4874999523162842,1.571874976158142,471586000
2000-07-28,1.5,1.6062500476837158,1.4500000476837158,1.571874976158142,248940000
2000-07-31,1.506250023841858,1.5125000476837158,1.3937499523162842,1.5031249523162842,189576000
2000-08-01,1.5125000476837158,1.6124999523162842,1.5125000476837158,1.53125,163128000
2000-08-02,1.540624976158142,1.600000023841858,1.510938048362732,1.5125000476837158,99058000
2000-08-03,1.5750000476837158,1.587499976158142,1.4656250476837158,1.4718749523162842,102882000
2000-08-04,1.625,1.709375023841858,1.5750000476837158,1.5968749523162842,97422000
2000-08-07,1.6906249523162842,1.712499976158142,1.5812499523162842,1.600000023841858,88062000
2000-08-08,1.646875023841858,1.6687500476837158,1.6218750476837158,1.662500023841858,101012000
2000-08-09,1.5437500476837158,1.618749976158142,1.5187499523162842,1.618749976158142,177488000
2000-08-10,1.521875023841858,1.587499976158142,1.4874999523162842,1.5750000476837158,121460000
2000-08-11,1.6843750476837158,1.7000000476837158,1.515625,1.524999976158142,182324000
2000-08-14,1.743749976158142,1.759374976158142,1.634374976158142,1.6749999523162842,124344000
2000-08-15,1.8781249523162842,1.915624976158142,1.71875,1.7312500476837158,169944000
2000-08-16,1.931249976158142,1.993749976158142,1.8765629529953003,1.8781249523162842,196664000
2000-08-17,1.912500023841858,1.953125,1.84375,1.899999976158142,99482000
2000-08-18,1.9500000476837158,2.0062499046325684,1.946874976158142,1.962499976158142,147422000
2000-08-21,1.875,1.993749976158142,1.8250000476837158,1.9546879529953003,80750000
2000-08-22,1.8250000476837158,1.9093749523162842,1.803125023841858,1.90625,70164000
2000-08-23,1.9406249523162842,1.975000023841858,1.75,1.818750023841858,94426000
2000-08-24,1.96875,2.0250000953674316,1.9406249523162842,1.978124976158142,94380000
2000-08-25,1.9968750476837158,2.003124952316284,1.928125023841858,1.9562499523162842,54172000
2000-08-28,1.9562499523162842,2.125,1.928125023841858,1.9406249523162842,183570000
2000-08-29,1.9812500476837158,2.043750047683716,1.943750023841858,1.975000023841858,90422000
2000-08-30,2.1468749046325684,2.1984379291534424,2.0999999046325684,2.1187500953674316,258392000
2000-08-31,2.075000047683716,2.159374952316284,2.0718750953674316,2.15625,92326000
2000-09-01,2.075000047683716,2.125,2.049999952316284,2.106250047683716,66942000
2000-09-05,2.284374952316284,2.315624952316284,2.012500047683716,2.046875,203364000
2000-09-06,2.293750047683716,2.481250047683716,2.284374952316284,2.362499952316284,285264000
2000-09-07,2.174999952316284,2.3499999046325684,2.1500000953674316,2.340625047683716,148124000
2000-09-08,2.1468749046325684,2.25,2.125,2.203125,101778000
2000-09-11,2.1187500953674316,2.2609379291534424,2.109375,2.1312499046325684,108942000
2000-09-12,2.1343750953674316,2.2093749046325684,2.112499952316284,2.168750047683716,76430000
2000-09-13,2.121875047683716,2.15625,2.049999952316284,2.065624952316284,81700000
2000-09-14,2.2437500953674316,2.299999952316284,2.1875,2.2093749046325684,139270000
2000-09-15,2.1812500953674316,2.2718749046325684,2.143749952316284,2.268749952316284,123604000
2000-09-18,2.140625,2.231250047683716,2.09375,2.174999952316284,88904000
2000-09-19,2.0374999046325684,2.137500047683716,1.9562499523162842,2.1031250953674316,144616000
2000-09-20,1.875,2.0250000953674316,1.868749976158142,2.0218749046325684,194896000
2000-09-21,2.003124952316284,2.0250000953674316,1.8624999523162842,1.8718750476837158,148512000
2000-09-22,2.0718750953674316,2.106250047683716,1.915624976158142,1.9187500476837158,119924000
2000-09-25,2.018749952316284,2.128124952316284,2.0,2.0609378814697266,109198000
2000-09-26,1.9874999523162842,2.0562500953674316,1.978124976158142,2.03125,85208000
2000-09-27,1.8937499523162842,1.9812500476837158,1.774999976158142,1.9343750476837158,200618000
2000-09-28,2.0,2.012500047683716,1.8562500476837158,1.865625023841858,117158000
2000-09-29,1.921875,2.0625,1.881250023841858,1.9500000476837158,130342000
2000-10-02,1.7937500476837158,1.921875,1.7625000476837158,1.9093749523162842,109554000
2000-10-03,1.7531249523162842,1.8624999523162842,1.75,1.837499976158142,107598000
2000-10-04,1.7999999523162842,1.853124976158142,1.625,1.671875,156822000
2000-10-05,1.678125023841858,1.8312499523162842,1.600000023841858,1.759374976158142,139326000
2000-10-06,1.578125,1.662500023841858,1.509374976158142,1.625,177422000
2000-10-09,1.5031249523162842,1.5281250476837158,1.368749976158142,1.5125000476837158,254550000
2000-10-10,1.521875023841858,1.635938048362732,1.443750023841858,1.4874999523162842,145310000
2000-10-11,1.390625,1.5125000476837158,1.381250023841858,1.396875023841858,157794000
2000-10-12,1.256250023841858,1.4406249523162842,1.2312500476837158,1.4187500476837158,160652000
2000-10-13,1.421875,1.443750023841858,1.1749999523162842,1.212499976158142,152668000
2000-10-16,1.2156250476837158,1.415624976158142,1.2062499523162842,1.40625,142954000
2000-10-17,1.0968749523162842,1.259374976158142,1.0437500476837158,1.243749976158142,302810000
2000-10-18,1.256250023841858,1.2687499523162842,0.96875,0.9937499761581421,375774000
2000-10-19,1.3875000476837158,1.40625,1.209375023841858,1.328125,217498000
2000-10-20,1.540624976158142,1.5625,1.3562500476837158,1.384374976158142,232438000
2000-10-23,1.5,1.5187499523162842,1.381250023841858,1.484375,203992000
2000-10-24,1.478124976158142,1.693750023841858,1.4406249523162842,1.493749976158142,273532000
2000-10-25,1.59375,1.8250000476837158,1.587499976158142,1.7000000476837158,571458000
2000-10-26,1.84375,1.875,1.5499999523162842,1.609375,356510000
2000-10-27,1.78125,1.875,1.693750023841858,1.696874976158142,247414000
2000-10-30,1.6437499523162842,1.71875,1.513280987739563,1.6531250476837158,250204000
2000-10-31,1.8312499523162842,1.84375,1.603124976158142,1.634374976158142,198390000
2000-11-01,1.868749976158142,2.0,1.7843749523162842,1.790624976158142,221984000
2000-11-02,1.9874999523162842,1.993749976158142,1.875,1.9031250476837158,139794000
2000-11-03,1.8781249523162842,2.043750047683716,1.84375,1.9500000476837158,119248000
2000-11-06,1.828125,1.931249976158142,1.7374999523162842,1.928125023841858,128892000
2000-11-07,1.8468749523162842,1.9718749523162842,1.7781250476837158,1.8250000476837158,109906000
2000-11-08,1.693750023841858,1.850000023841858,1.662500023841858,1.7999999523162842,116706000
2000-11-09,1.5625,1.649999976158142,1.493749976158142,1.634374976158142,143392000
2000-11-10,1.5031249523162842,1.59375,1.5,1.537500023841858,105112000
2000-11-13,1.390625,1.5054689645767212,1.3718750476837158,1.4406249523162842,167550000
2000-11-14,1.446874976158142,1.493749976158142,1.287500023841858,1.4375,156758000
2000-11-15,1.475000023841858,1.540624976158142,1.421875,1.431249976158142,105264000
2000-11-16,1.390625,1.524999976158142,1.3875000476837158,1.4343750476837158,82696000
2000-11-17,1.3718750476837158,1.4812500476837158,1.34375,1.399999976158142,99920000
2000-11-20,1.290624976158142,1.396875023841858,1.25,1.2999999523162842,128766000
2000-11-21,1.212499976158142,1.34375,1.181249976158142,1.3312499523162842,123950000
2000-11-22,1.259374976158142,1.375,1.1062500476837158,1.193750023841858,237542000
2000-11-24,1.446874976158142,1.4562499523162842,1.303125023841858,1.321094036102295,152786000
2000-11-27,1.399999976158142,1.537500023841858,1.350000023841858,1.4874999523162842,128228000
2000-11-28,1.2515629529953003,1.3093750476837158,1.2312500476837158,1.2999999523162842,226550000
2000-11-29,1.3468749523162842,1.375,1.212499976158142,1.256250023841858,229264000
2000-11-30,1.234375,1.3093750476837158,1.1437499523162842,1.2374999523162842,262470000
2000-12-01,1.2312500476837158,1.337499976158142,1.149999976158142,1.2468750476837158,155148000
2000-12-04,1.328125,1.359375,1.162500023841858,1.259374976158142,165110000
2000-12-05,1.2687499523162842,1.381250023841858,1.2374999523162842,1.3562500476837158,199398000
2000-12-06,1.181249976158142,1.2999999523162842,1.181249976158142,1.234375,176516000
2000-12-07,1.068750023841858,1.171875,1.006250023841858,1.1531250476837158,212950000
2000-12-08,1.171875,1.234375,1.0625,1.165624976158142,259396000
2000-12-11,1.265625,1.306249976158142,1.087499976158142,1.1437499523162842,218084000
2000-12-12,1.2937500476837158,1.375,1.2156250476837158,1.225000023841858,146136000
2000-12-13,1.1875,1.3312499523162842,1.1749999523162842,1.328125,125636000
2000-12-14,1.134374976158142,1.234375,1.129688024520874,1.203125,140416000
2000-12-15,1.1437499523162842,1.212499976158142,1.100000023841858,1.1124999523162842,174274000
2000-12-18,0.9937499761581421,1.0593750476837158,0.9468749761581421,1.037500023841858,320704000
2000-12-19,0.9125000238418579,1.0437500476837158,0.8687499761581421,1.015625,264370000
2000-12-20,0.8343750238418579,0.893750011920929,0.78125,0.809374988079071,441014000
2000-12-21,0.7593749761581421,0.887499988079071,0.7437499761581421,0.8187500238418579,177028000
2000-12-22,0.778124988079071,0.8273440003395081,0.762499988079071,0.765625,187740000
2000-12-26,0.846875011920929,0.925000011920929,0.8125,0.815625011920929,180256000
2000-12-27,0.84375,0.871874988079071,0.778124988079071,0.800000011920929,131976000
2000-12-28,0.8687499761581421,0.9125000238418579,0.831250011920929,0.831250011920929,169112000
2000-12-29,0.778124988079071,0.856249988079071,0.75,0.8374999761581421,196994000
2001-01-02,0.6937500238418579,0.800000011920929,0.6812499761581421,0.7906249761581421,184070000
2001-01-03,0.878125011920929,0.893750011920929,0.6781250238418579,0.6812499761581421,293608000
2001-01-04,0.7749999761581421,0.878125011920929,0.7718750238418579,0.8500000238418579,212410000
2001-01-05,0.7281249761581421,0.793749988079071,0.6781250238418579,0.7749999761581421,175976000
2001-01-08,0.746874988079071,0.778124988079071,0.6875,0.721875011920929,208894000
2001-01-09,0.8187500238418579,0.831250011920929,0.7281249761581421,0.7281249761581421,469104000
2001-01-10,0.824999988079071,0.8500000238418579,0.778124988079071,0.7921879887580872,220050000
2001-01-11,0.8500000238418579,0.8656250238418579,0.78125,0.7875000238418579,255132000
2001-01-12,0.8843749761581421,0.925000011920929,0.856249988079071,0.8671879768371582,168684000
2001-01-16,0.903124988079071,0.918749988079071,0.862500011920929,0.9156249761581421,120340000
2001-01-17,0.918749988079071,0.9781249761581421,0.887499988079071,0.9437500238418579,183320000
2001-01-18,0.9750000238418579,0.9750000238418579,0.8968750238418579,0.918749988079071,82316000
2001-01-19,0.996874988079071,1.0187499523162842,0.934374988079071,1.0187499523162842,123550000
2001-01-22,0.925000011920929,0.996874988079071,0.925000011920929,0.9750000238418579,87972000
2001-01-23,0.947655975818634,0.965624988079071,0.9125000238418579,0.918749988079071,94886000
2001-01-24,1.09375,1.118749976158142,0.949999988079071,0.9593750238418579,276962000
2001-01-25,0.949999988079071,1.087499976158142,0.949999988079071,1.084375023841858,141328000
2001-01-26,0.9750000238418579,1.024999976158142,0.9437500238418579,0.9468749761581421,101892000
2001-01-29,1.006250023841858,1.037500023841858,0.940625011920929,0.956250011920929,154260000
2001-01-30,0.9468749761581421,1.0343749523162842,0.9335939884185791,1.0281250476837158,245466000
2001-01-31,0.8656250238418579,0.9781249761581421,0.8531249761581421,0.9468749761581421,409516000
2001-02-01,0.8125,0.859375,0.7875000238418579,0.859375,189374000
2001-02-02,0.71875,0.809374988079071,0.7124999761581421,0.8062499761581421,242022000
2001-02-05,0.721875011920929,0.746874988079071,0.715624988079071,0.731249988079071,183796000
2001-02-06,0.7906249761581421,0.793749988079071,0.6781250238418579,0.690625011920929,381518000
2001-02-07,0.75,0.7906249761581421,0.7281249761581421,0.7593749761581421,151358000
2001-02-08,0.71875,0.793749988079071,0.71875,0.765625,105904000
2001-02-09,0.668749988079071,0.737500011920929,0.668749988079071,0.715624988079071,149080000
2001-02-12,0.7250000238418579,0.75,0.685155987739563,0.706250011920929,105906000
2001-02-13,0.6875,0.753125011920929,0.6875,0.75,95908000
2001-02-14,0.721875011920929,0.737500011920929,0.675000011920929,0.706250011920929,162468000
2001-02-15,0.7250000238418579,0.731249988079071,0.675000011920929,0.675000011920929,327690000
2001-02-16,0.684374988079071,0.706250011920929,0.6656249761581421,0.6812499761581421,129812000
2001-02-20,0.625,0.684374988079071,0.621874988079071,0.6812499761581421,131782000
2001-02-21,0.596875011920929,0.625,0.565625011920929,0.612500011920929,151052000
2001-02-22,0.596875011920929,0.606249988079071,0.5687500238418579,0.6000000238418579,164984000
2001-02-23,0.590624988079071,0.6031249761581421,0.5531250238418579,0.59375,102998000
2001-02-26,0.596875011920929,0.612500011920929,0.574999988079071,0.6031249761581421,124582000
2001-02-27,0.5874999761581421,0.606249988079071,0.581250011920929,0.590624988079071,154652000
2001-02-28,0.5093749761581421,0.5874999761581421,0.49687498807907104,0.5625,292596000
2001-03-01,0.5218750238418579,0.534375011920929,0.47968798875808716,0.4937500059604645,219934000
2001-03-02,0.5,0.53125,0.5,0.5015630125999451,150912000
2001-03-05,0.6312500238418579,0.653124988079071,0.574999988079071,0.6187499761581421,470014000
2001-03-06,0.59375,0.699999988079071,0.5625,0.653905987739563,463830000
2001-03-07,0.612500011920929,0.628125011920929,0.5718749761581421,0.596875011920929,212882000
2001-03-08,0.5843750238418579,0.6000000238418579,0.581250011920929,0.596875011920929,99152000
2001-03-09,0.612500011920929,0.625,0.5687500238418579,0.5718749761581421,177134000
2001-03-12,0.53125,0.5843750238418579,0.5249999761581421,0.5687500238418579,114330000
2001-03-13,0.550000011920929,0.5531250238418579,0.5249999761581421,0.5406249761581421,66614000
2001-03-14,0.53125,0.546875,0.5062500238418579,0.512499988079071,62488000
2001-03-15,0.543749988079071,0.5718749761581421,0.5406249761581421,0.5687500238418579,116498000
2001-03-16,0.550000011920929,0.5531250238418579,0.512499988079071,0.53125,139684000
2001-03-19,0.5249999761581421,0.565625011920929,0.5062500238418579,0.559374988079071,135490000
2001-03-20,0.512499988079071,0.574999988079071,0.5062500238418579,0.528124988079071,125894000
2001-03-21,0.5,0.5218750238418579,0.5,0.518750011920929,110132000
2001-03-22,0.5093749761581421,0.512499988079071,0.4781250059604645,0.503125011920929,131892000
2001-03-23,0.5093749761581421,0.5406249761581421,0.49687498807907104,0.528124988079071,75088000
2001-03-26,0.546999990940094,0.5644999742507935,0.531000018119812,0.5350000262260437,137012000
2001-03-27,0.5820000171661377,0.5899999737739563,0.5254999995231628,0.5460000038146973,112064000
2001-03-28,0.5400000214576721,0.5580000281333923,0.5375000238418579,0.5550000071525574,67738000
2001-03-29,0.5,0.5515000224113464,0.5,0.5285000205039978,92768000
2001-03-30,0.5115000009536743,0.5419999957084656,0.49549999833106995,0.5059999823570251,71168000
2001-04-02,0.45500001311302185,0.5264999866485596,0.42500001192092896,0.5164999961853027,176078000
2001-04-03,0.43149998784065247,0.45750001072883606,0.42500001192092896,0.43549999594688416,97314000
2001-04-04,0.41999998688697815,0.44999998807907104,0.4050000011920929,0.4284999966621399,114162000
2001-04-05,0.4560000002384186,0.4650000035762787,0.4359999895095825,0.45100000500679016,108484000
2001-04-06,0.41850000619888306,0.4449999928474426,0.4099999964237213,0.4449999928474426,105622000
2001-04-09,0.5590000152587891,0.5950000286102295,0.5350000262260437,0.5920000076293945,468114000
2001-04-10,0.6004999876022339,0.675000011920929,0.5600000023841858,0.5619999766349792,377208000
2001-04-11,0.6660000085830688,0.6825000047683716,0.609000027179718,0.6549999713897705,268436000
2001-04-12,0.7335000038146973,0.7505000233650208,0.6499999761581421,0.6524999737739563,230600000
2001-04-16,0.7014999985694885,0.7269999980926514,0.6825000047683716,0.7250000238418579,126202000
2001-04-17,0.7369999885559082,0.7434999942779541,0.6875,0.690500020980835,101470000
2001-04-18,0.8270000219345093,0.9079999923706055,0.7774999737739563,0.7829999923706055,391100000
2001-04-19,0.7994999885559082,0.8450000286102295,0.784500002861023,0.8450000286102295,174852000
2001-04-20,0.7889999747276306,0.8100000023841858,0.7484999895095825,0.781000018119812,170442000
2001-04-23,0.8100000023841858,0.8730000257492065,0.8009999990463257,0.8195000290870667,233792000
2001-04-24,0.7839999794960022,0.8399999737739563,0.7739999890327454,0.8220000267028809,141652000
2001-04-25,0.8044999837875366,0.8050000071525574,0.7300000190734863,0.784500002861023,186342000
2001-04-26,0.7714999914169312,0.824999988079071,0.75,0.8125,119212000
2001-04-27,0.7634999752044678,0.7864999771118164,0.7509999871253967,0.7860000133514404,88920000
2001-04-30,0.7889999747276306,0.8450000286102295,0.7795000076293945,0.781499981880188,115606000
2001-05-01,0.8445000052452087,0.8500000238418579,0.7900000214576721,0.7950000166893005,102158000
2001-05-02,0.8554999828338623,0.8715000152587891,0.8420000076293945,0.8569999933242798,149944000
2001-05-03,0.8374999761581421,0.8500000238418579,0.8125,0.8414999842643738,100200000
2001-05-04,0.878000020980835,0.8799999952316284,0.796500027179718,0.8174999952316284,131690000
2001-05-07,0.8460000157356262,0.8765000104904175,0.8255000114440918,0.8679999709129333,101674000
2001-05-08,0.8090000152587891,0.8245000243186951,0.7799999713897705,0.8140000104904175,143830000
2001-05-09,0.7505000233650208,0.7829999923706055,0.75,0.7774999737739563,93420000
2001-05-10,0.7310000061988831,0.7820000052452087,0.7300000190734863,0.7699999809265137,100252000
2001-05-11,0.734000027179718,0.7400000095367432,0.699999988079071,0.7275000214576721,69738000
2001-05-14,0.6664999723434448,0.7264999747276306,0.6579999923706055,0.7264999747276306,123884000
2001-05-15,0.6769999861717224,0.7149999737739563,0.6570000052452087,0.6675000190734863,122624000
2001-05-16,0.7064999938011169,0.718999981880188,0.6549999713897705,0.6725000143051147,145580000
2001-05-17,0.7390000224113464,0.75,0.7014999985694885,0.7045000195503235,135108000
2001-05-18,0.7360000014305115,0.75,0.7250000238418579,0.7415000200271606,101436000
2001-05-21,0.8190000057220459,0.8209999799728394,0.737500011920929,0.7475000023841858,144648000
2001-05-22,0.8125,0.8500000238418579,0.7950000166893005,0.8395000100135803,146180000
2001-05-23,0.7799999713897705,0.8399999737739563,0.7559999823570251,0.8100000023841858,178530000
2001-05-24,0.8374999761581421,0.8374999761581421,0.762499988079071,0.7854999899864197,106698000
2001-05-25,0.8544999957084656,0.8765000104904175,0.8184999823570251,0.8324999809265137,138574000
2001-05-29,0.8610000014305115,0.8769999742507935,0.8349999785423279,0.8604999780654907,187898000
2001-05-30,0.7829999923706055,0.8500000238418579,0.781000018119812,0.8270000219345093,177028000
2001-05-31,0.8345000147819519,0.8600000143051147,0.7875000238418579,0.7919999957084656,192640000
2001-06-01,0.8475000262260437,0.8654999732971191,0.8195000290870667,0.8610000014305115,129372000
2001-06-04,0.8454999923706055,0.8700000047683716,0.8075000047683716,0.8659999966621399,122820000
2001-06-05,0.8220000267028809,0.8960000276565552,0.800000011920929,0.8529999852180481,255162000
2001-06-06,0.7994999885559082,0.8360000252723694,0.7739999890327454,0.8335000276565552,194722000
2001-06-07,0.8065000176429749,0.8115000128746033,0.784500002861023,0.7910000085830688,68904000
2001-06-08,0.7850000262260437,0.8165000081062317,0.7825000286102295,0.8125,50166000
2001-06-11,0.7429999709129333,0.7774999737739563,0.7225000262260437,0.7749999761581421,99420000
2001-06-12,0.7319999933242798,0.7394999861717224,0.7160000205039978,0.7300000190734863,86674000
2001-06-13,0.7059999704360962,0.7574999928474426,0.7055000066757202,0.7480000257492065,75688000
2001-06-14,0.6644999980926514,0.7059999704360962,0.6579999923706055,0.7059999704360962,101766000
2001-06-15,0.6244999766349792,0.6729999780654907,0.6150000095367432,0.6504999995231628,153432000
2001-06-18,0.5914999842643738,0.6349999904632568,0.5835000276565552,0.6225000023841858,114342000
2001-06-19,0.5680000185966492,0.6324999928474426,0.5600000023841858,0.6225000023841858,122190000
2001-06-20,0.6265000104904175,0.6349999904632568,0.5600000023841858,0.5634999871253967,213046000
2001-06-21,0.6539999842643738,0.6600000262260437,0.6294999718666077,0.6340000033378601,195548000
2001-06-22,0.6200000047683716,0.6635000109672546,0.6190000176429749,0.656499981880188,126334000
2001-06-25,0.640500009059906,0.6570000052452087,0.6284999847412109,0.6355000138282776,138940000
2001-06-26,0.6625000238418579,0.6869999766349792,0.6019999980926514,0.6269999742507935,132790000
2001-06-27,0.7020000219345093,0.7124999761581421,0.6825000047683716,0.690500020980835,152488000
2001-06-28,0.7179999947547913,0.7294999957084656,0.6884999871253967,0.7114999890327454,110334000
2001-06-29,0.7074999809265137,0.7325000166893005,0.6859999895095825,0.715499997138977,89780000
2001-07-02,0.7264999747276306,0.7354999780654907,0.6924999952316284,0.7049999833106995,126690000
2001-07-03,0.7064999938011169,0.7250000238418579,0.699999988079071,0.7245000004768372,54022000
2001-07-05,0.7634999752044678,0.7724999785423279,0.7099999785423279,0.7139999866485596,241664000
2001-07-06,0.7634999752044678,0.7860000133514404,0.7400000095367432,0.7450000047683716,181824000
2001-07-09,0.7904999852180481,0.7950000166893005,0.7555000185966492,0.7674999833106995,160020000
2001-07-10,0.7804999947547913,0.8059999942779541,0.7799999713897705,0.8040000200271606,172854000
2001-07-11,0.7670000195503235,0.7900000214576721,0.7475000023841858,0.7714999914169312,116436000
2001-07-12,0.8245000243186951,0.8270000219345093,0.7850000262260437,0.7850000262260437,119530000
2001-07-13,0.8489999771118164,0.8500000238418579,0.8050000071525574,0.8130000233650208,136966000
2001-07-16,0.8004999756813049,0.8709999918937683,0.8004999756813049,0.847000002861023,146316000
2001-07-17,0.8174999952316284,0.8245000243186951,0.7914999723434448,0.7919999957084656,74124000
2001-07-18,0.7979999780654907,0.8324999809265137,0.7940000295639038,0.8034999966621399,73462000
2001-07-19,0.8245000243186951,0.8399999737739563,0.8069999814033508,0.8075000047683716,104256000
2001-07-20,0.8489999771118164,0.862500011920929,0.8224999904632568,0.8264999985694885,74714000
2001-07-23,0.8015000224113464,0.8565000295639038,0.7979999780654907,0.8510000109672546,173278000
2001-07-24,0.6029999852180481,0.699999988079071,0.5950000286102295,0.6809999942779541,651458000
2001-07-25,0.5755000114440918,0.6154999732971191,0.5534999966621399,0.6144999861717224,251194000
2001-07-26,0.6165000200271606,0.637499988079071,0.5615000128746033,0.5835000276565552,210050000
2001-07-27,0.612500011920929,0.6215000152587891,0.5849999785423279,0.6165000200271606,181518000
2001-07-30,0.6274999976158142,0.637499988079071,0.5989999771118164,0.6104999780654907,103620000
2001-07-31,0.6244999766349792,0.6430000066757202,0.6115000247955322,0.6320000290870667,87578000
2001-08-01,0.625,0.6430000066757202,0.6085000038146973,0.6365000009536743,110212000
2001-08-02,0.609499990940094,0.6299999952316284,0.6050000190734863,0.6294999718666077,77450000
2001-08-03,0.6075000166893005,0.6194999814033508,0.6054999828338623,0.6119999885559082,61698000
2001-08-06,0.5950000286102295,0.6100000143051147,0.5924999713897705,0.609000027179718,53236000
2001-08-07,0.5799999833106995,0.5950000286102295,0.5759999752044678,0.5945000052452087,51204000
2001-08-08,0.5554999709129333,0.5774999856948853,0.5515000224113464,0.5755000114440918,67468000
2001-08-09,0.5230000019073486,0.5584999918937683,0.512499988079071,0.5569999814033508,120980000
2001-08-10,0.4975000023841858,0.5325000286102295,0.4970000088214874,0.5289999842643738,183746000
2001-08-13,0.5059999823570251,0.5149999856948853,0.4884999990463257,0.5049999952316284,96630000
2001-08-14,0.5264999866485596,0.5519999861717224,0.5134999752044678,0.515999972820282,96142000
2001-08-15,0.5040000081062317,0.5414999723434448,0.5,0.5270000100135803,67170000
2001-08-16,0.49050000309944153,0.5074999928474426,0.4699999988079071,0.5040000081062317,124542000
2001-08-17,0.49950000643730164,0.5044999718666077,0.4724999964237213,0.4754999876022339,107212000
2001-08-20,0.5199999809265137,0.5205000042915344,0.4975000023841858,0.5095000267028809,72280000
2001-08-21,0.4945000112056732,0.5394999980926514,0.49399998784065247,0.5350000262260437,102766000
2001-08-22,0.5099999904632568,0.5115000009536743,0.4794999957084656,0.5080000162124634,82524000
2001-08-23,0.4814999997615814,0.5080000162124634,0.47850000858306885,0.5065000057220459,80014000
2001-08-24,0.5115000009536743,0.5149999856948853,0.4860000014305115,0.492000013589859,75598000
2001-08-27,0.5065000057220459,0.5134999752044678,0.49549999833106995,0.5044999718666077,52360000
2001-08-28,0.4984999895095825,0.5074999928474426,0.4779999852180481,0.5059999823570251,64582000
2001-08-29,0.4595000147819519,0.5024999976158142,0.4505000114440918,0.5019999742507935,76072000
2001-08-30,0.4345000088214874,0.47450000047683716,0.42750000953674316,0.453000009059906,117028000
2001-08-31,0.44699999690055847,0.4650000035762787,0.4345000088214874,0.4350000023841858,72832000
2001-09-04,0.429500013589859,0.4595000147819519,0.4259999990463257,0.44749999046325684,97154000
2001-09-05,0.3824999928474426,0.4339999854564667,0.3425000011920929,0.43299999833106995,421468000
2001-09-06,0.4074999988079071,0.40950000286102295,0.38350000977516174,0.3919999897480011,142632000
2001-09-07,0.4255000054836273,0.43050000071525574,0.39250001311302185,0.39800000190734863,142442000
2001-09-10,0.43149998784065247,0.4325000047683716,0.40299999713897705,0.41999998688697815,116672000
2001-09-17,0.37450000643730164,0.4025000035762787,0.35249999165534973,0.36500000953674316,211470000
2001-09-18,0.3644999861717224,0.38749998807907104,0.36250001192092896,0.37950000166893005,125418000
2001-09-19,0.36550000309944153,0.3725000023841858,0.3319999873638153,0.3675000071525574,188730000
2001-09-20,0.37400001287460327,0.38199999928474426,0.35249999165534973,0.3555000126361847,172618000
2001-09-21,0.37400001287460327,0.38600000739097595,0.3345000147819519,0.3474999964237213,257322000
2001-09-24,0.37299999594688416,0.39149999618530273,0.367000013589859,0.38499999046325684,102054000
2001-09-25,0.3544999957084656,0.3785000145435333,0.35100001096725464,0.37450000643730164,97262000
2001-09-26,0.3174999952316284,0.36149999499320984,0.30000001192092896,0.36000001430511475,156782000
2001-09-27,0.3100000023841858,0.3319999873638153,0.28349998593330383,0.32350000739097595,165500000
2001-09-28,0.2985000014305115,0.32350000739097595,0.2915000021457672,0.3125,139344000
2001-10-01,0.3005000054836273,0.3050000071525574,0.27549999952316284,0.2955000102519989,159888000
2001-10-02,0.30399999022483826,0.3084999918937683,0.29750001430511475,0.3084999918937683,113554000
2001-10-03,0.33799999952316284,0.3605000078678131,0.3009999990463257,0.3084999918937683,106470000
2001-10-04,0.35199999809265137,0.3935000002384186,0.33399999141693115,0.3544999957084656,124344000
2001-10-05,0.36000001430511475,0.39500001072883606,0.3370000123977661,0.34850001335144043,118018000
2001-10-08,0.35600000619888306,0.36500000953674316,0.34549999237060547,0.35350000858306885,78688000
2001-10-09,0.34549999237060547,0.35600000619888306,0.3334999978542328,0.3555000126361847,55336000
2001-10-10,0.3630000054836273,0.36550000309944153,0.3400000035762787,0.3449999988079071,61660000
2001-10-11,0.39250001311302185,0.40799999237060547,0.375,0.37700000405311584,133306000
2001-10-12,0.4034999907016754,0.4074999988079071,0.3734999895095825,0.3880000114440918,72592000
2001-10-15,0.4440000057220459,0.46000000834465027,0.4115000069141388,0.41200000047683716,172036000
2001-10-16,0.4779999852180481,0.48750001192092896,0.4555000066757202,0.46149998903274536,165992000
2001-10-17,0.44600000977516174,0.49950000643730164,0.4424999952316284,0.49900001287460327,178890000
2001-10-18,0.4235000014305115,0.46149998903274536,0.4189999997615814,0.445499986410141,87066000
2001-10-19,0.40049999952316284,0.4259999990463257,0.375,0.4244999885559082,140146000
2001-10-22,0.43849998712539673,0.4415000081062317,0.4020000100135803,0.4034999907016754,84620000
2001-10-23,0.47749999165534973,0.47999998927116394,0.4424999952316284,0.4625000059604645,244528000
2001-10-24,0.38199999928474426,0.4074999988079071,0.3700000047683716,0.4025000035762787,533848000
2001-10-25,0.38850000500679016,0.3889999985694885,0.35749998688697815,0.3695000112056732,185356000
2001-10-26,0.3779999911785126,0.40049999952316284,0.37549999356269836,0.3815000057220459,122142000
2001-10-29,0.35249999165534973,0.382999986410141,0.35199999809265137,0.3804999887943268,103236000
2001-10-30,0.32100000977516174,0.351500004529953,0.3160000145435333,0.3504999876022339,201110000
2001-10-31,0.3490000069141388,0.35100001096725464,0.32749998569488525,0.3395000100135803,154830000
2001-11-01,0.3474999964237213,0.35499998927116394,0.33000001311302185,0.3540000021457672,101070000
2001-11-02,0.33550000190734863,0.3474999964237213,0.3334999978542328,0.3474999964237213,73942000
2001-11-05,0.34950000047683716,0.36000001430511475,0.3479999899864197,0.35499998927116394,125756000
2001-11-06,0.35249999165534973,0.3564999997615814,0.34549999237060547,0.3540000021457672,112156000
2001-11-07,0.3714999854564667,0.3840000033378601,0.3499999940395355,0.3504999876022339,194312000
2001-11-08,0.34850001335144043,0.38350000977516174,0.3370000123977661,0.382999986410141,189794000
2001-11-09,0.35600000619888306,0.3610000014305115,0.34850001335144043,0.35249999165534973,88008000
2001-11-12,0.35249999165534973,0.3619999885559082,0.3400000035762787,0.3580000102519989,76546000
2001-11-13,0.3644999861717224,0.3765000104904175,0.36000001430511475,0.3720000088214874,122726000
2001-11-14,0.47450000047683716,0.47450000047683716,0.3799999952316284,0.3815000057220459,590596000
2001-11-15,0.45249998569488525,0.4950000047683716,0.4375,0.460999995470047,418964000
2001-11-16,0.44749999046325684,0.4675000011920929,0.4375,0.46050000190734863,261240000
2001-11-19,0.4595000147819519,0.4749999940395355,0.44999998807907104,0.4675000011920929,200228000
2001-11-20,0.4300000071525574,0.4650000035762787,0.4300000071525574,0.45350000262260437,149040000
2001-11-21,0.4399999976158142,0.44850000739097595,0.4020000100135803,0.43700000643730164,179932000
2001-11-23,0.45399999618530273,0.4569999873638153,0.42800000309944153,0.4449999928474426,81456000
2001-11-26,0.6104999780654907,0.6110000014305115,0.49000000953674316,0.49149999022483826,1013784000
2001-11-27,0.5740000009536743,0.612500011920929,0.5609999895095825,0.6025000214576721,686176000
2001-11-28,0.5795000195503235,0.6200000047683716,0.5590000152587891,0.5619999766349792,970324000
2001-11-29,0.5575000047683716,0.5950000286102295,0.5394999980926514,0.5945000052452087,405480000
2001-11-30,0.5659999847412109,0.5774999856948853,0.5400000214576721,0.5649999976158142,177776000
2001-12-03,0.5245000123977661,0.5540000200271606,0.5239999890327454,0.5509999990463257,190518000
2001-12-04,0.5964999794960022,0.6025000214576721,0.5354999899864197,0.546500027179718,289994000
2001-12-05,0.5879999995231628,0.6399999856948853,0.5874999761581421,0.6200000047683716,478244000
2001-12-06,0.6050000190734863,0.6200000047683716,0.5924999713897705,0.6019999980926514,249692000
2001-12-07,0.5855000019073486,0.6150000095367432,0.574999988079071,0.6144999861717224,141760000
2001-12-10,0.5824999809265137,0.6075000166893005,0.5720000267028809,0.5774999856948853,170318000
2001-12-11,0.6119999885559082,0.6215000152587891,0.5889999866485596,0.6000000238418579,282680000
2001-12-12,0.5954999923706055,0.6215000152587891,0.5814999938011169,0.6215000152587891,161502000
2001-12-13,0.5444999933242798,0.5899999737739563,0.5425000190734863,0.5770000219345093,157482000
2001-12-14,0.550000011920929,0.5600000023841858,0.5034999847412109,0.5550000071525574,200492000
2001-12-17,0.5404999852180481,0.5569999814033508,0.5090000033378601,0.5550000071525574,171986000
2001-12-18,0.5429999828338623,0.5680000185966492,0.531000018119812,0.5525000095367432,147084000
2001-12-19,0.5354999899864197,0.5575000047683716,0.5254999995231628,0.5364999771118164,140074000
2001-12-20,0.5074999928474426,0.5414999723434448,0.5070000290870667,0.5285000205039978,157024000
2001-12-21,0.5,0.5529999732971191,0.5,0.515500009059906,278898000
2001-12-24,0.49149999022483826,0.5109999775886536,0.4754999876022339,0.5074999928474426,124738000
2001-12-26,0.5550000071525574,0.5640000104904175,0.5435000061988831,0.5485000014305115,363970000
2001-12-27,0.5299999713897705,0.5745000243186951,0.5285000205039978,0.5665000081062317,216802000
2001-12-28,0.5450000166893005,0.5540000200271606,0.534500002861023,0.5454999804496765,205158000
2001-12-31,0.5410000085830688,0.559499979019165,0.5370000004768372,0.5534999966621399,120694000
2002-01-02,0.5479999780654907,0.550000011920929,0.5239999890327454,0.546500027179718,130392000
2002-01-03,0.5950000286102295,0.597000002861023,0.5525000095367432,0.5565000176429749,217514000
2002-01-04,0.612500011920929,0.6200000047683716,0.5975000262260437,0.6010000109672546,253746000
2002-01-07,0.6169999837875366,0.6255000233650208,0.6039999723434448,0.6039999723434448,243658000
2002-01-08,0.5924999713897705,0.6159999966621399,0.5874999761581421,0.6134999990463257,120822000
2002-01-09,0.5764999985694885,0.6085000038146973,0.5649999976158142,0.5979999899864197,217592000
2002-01-10,0.5519999861717224,0.5835000276565552,0.5435000061988831,0.5830000042915344,162518000
2002-01-11,0.5515000224113464,0.5669999718666077,0.546500027179718,0.5515000224113464,85536000
2002-01-14,0.5055000185966492,0.5414999723434448,0.5044999718666077,0.5400000214576721,119466000
2002-01-15,0.5145000219345093,0.5210000276565552,0.5080000162124634,0.5170000195503235,101846000
2002-01-16,0.45649999380111694,0.5005000233650208,0.4514999985694885,0.5005000233650208,300798000
2002-01-17,0.4869999885559082,0.4925000071525574,0.4699999988079071,0.4909999966621399,332614000
2002-01-18,0.5080000162124634,0.5274999737739563,0.46950000524520874,0.47999998927116394,229870000
2002-01-22,0.6299999952316284,0.6395000219345093,0.6069999933242798,0.6370000243186951,1132918000
2002-01-23,0.6234999895095825,0.6299999952316284,0.5950000286102295,0.6244999766349792,360632000
2002-01-24,0.7005000114440918,0.703000009059906,0.6355000138282776,0.637499988079071,469372000
2002-01-25,0.722000002861023,0.7695000171661377,0.6694999933242798,0.6779999732971191,605530000
2002-01-28,0.7749999761581421,0.7885000109672546,0.7379999756813049,0.7429999709129333,460320000
2002-01-29,0.7110000252723694,0.7774999737739563,0.6984999775886536,0.7770000100135803,404898000
2002-01-30,0.6949999928474426,0.7124999761581421,0.6600000262260437,0.6990000009536743,295036000
2002-01-31,0.7095000147819519,0.7245000004768372,0.6704999804496765,0.7059999704360962,209706000
2002-02-01,0.6865000128746033,0.7045000195503235,0.6675000190734863,0.703499972820282,156028000
2002-02-04,0.6265000104904175,0.6545000076293945,0.6215000152587891,0.6455000042915344,382716000
2002-02-05,0.574999988079071,0.6144999861717224,0.5580000281333923,0.5989999771118164,286314000
2002-02-06,0.5630000233650208,0.6000000238418579,0.5600000023841858,0.5950000286102295,177188000
2002-02-07,0.5619999766349792,0.5924999713897705,0.5529999732971191,0.5625,143448000
2002-02-08,0.6259999871253967,0.6334999799728394,0.574999988079071,0.5755000114440918,121712000
2002-02-11,0.6650000214576721,0.675000011920929,0.6269999742507935,0.6320000290870667,189394000
2002-02-12,0.6449999809265137,0.6620000004768372,0.625,0.6514999866485596,149268000
2002-02-13,0.6644999980926514,0.6664999723434448,0.652999997138977,0.6549999713897705,120816000
2002-02-14,0.6940000057220459,0.7129999995231628,0.6650000214576721,0.6669999957084656,185630000
2002-02-15,0.6704999804496765,0.7020000219345093,0.6635000109672546,0.6955000162124634,145308000
2002-02-19,0.6504999995231628,0.6919999718666077,0.6399999856948853,0.6474999785423279,165838000
2002-02-20,0.6480000019073486,0.6700000166893005,0.6075000166893005,0.659500002861023,160322000
2002-02-21,0.6629999876022339,0.6825000047683716,0.6449999809265137,0.6455000042915344,165524000
2002-02-22,0.6535000205039978,0.6614999771118164,0.6349999904632568,0.6524999737739563,157308000
2002-02-25,0.6865000128746033,0.6869999766349792,0.6499999761581421,0.6545000076293945,114694000
2002-02-26,0.7200000286102295,0.7245000004768372,0.6725000143051147,0.6754999756813049,166210000
2002-02-27,0.7135000228881836,0.7365000247955322,0.7059999704360962,0.7275000214576721,171012000
2002-02-28,0.7049999833106995,0.737500011920929,0.6965000033378601,0.7145000100135803,121048000
2002-03-01,0.7695000171661377,0.7699999809265137,0.7059999704360962,0.7064999938011169,196784000
2002-03-04,0.8240000009536743,0.8245000243186951,0.7699999809265137,0.7710000276565552,278564000
2002-03-05,0.7985000014305115,0.8339999914169312,0.7764999866485596,0.800000011920929,176194000
2002-03-06,0.8165000081062317,0.8295000195503235,0.7409999966621399,0.7409999966621399,285254000
2002-03-07,0.781000018119812,0.8475000262260437,0.7699999809265137,0.8205000162124634,185446000
2002-03-08,0.8174999952316284,0.8479999899864197,0.796500027179718,0.8125,188696000
2002-03-11,0.8355000019073486,0.843999981880188,0.7929999828338623,0.8019999861717224,132494000
2002-03-12,0.815500020980835,0.8295000195503235,0.8019999861717224,0.8174999952316284,112382000
2002-03-13,0.7870000004768372,0.8169999718666077,0.7820000052452087,0.8025000095367432,111188000
2002-03-14,0.7239999771118164,0.7749999761581421,0.7139999866485596,0.7494999766349792,303386000
2002-03-15,0.7014999985694885,0.7145000100135803,0.6775000095367432,0.7135000228881836,246414000
2002-03-18,0.7505000233650208,0.7639999985694885,0.7070000171661377,0.7074999809265137,196636000
2002-03-19,0.7329999804496765,0.7699999809265137,0.7279999852180481,0.7574999928474426,97874000
2002-03-20,0.7250000238418579,0.7565000057220459,0.7149999737739563,0.7239999771118164,143586000
2002-03-21,0.7584999799728394,0.7620000243186951,0.7279999852180481,0.7310000061988831,111558000
2002-03-22,0.7764999866485596,0.7799999713897705,0.7549999952316284,0.7559999823570251,103700000
2002-03-25,0.7369999885559082,0.7864999771118164,0.7360000014305115,0.7735000252723694,102322000
2002-03-26,0.7415000200271606,0.7724999785423279,0.7275000214576721,0.7319999933242798,98502000
2002-03-27,0.7124999761581421,0.7174999713897705,0.6850000023841858,0.6949999928474426,162926000
2002-03-28,0.7149999737739563,0.7325000166893005,0.7124999761581421,0.7200000286102295,62450000
2002-04-01,0.7400000095367432,0.7400000095367432,0.7070000171661377,0.7139999866485596,95358000
2002-04-02,0.7124999761581421,0.7544999718666077,0.7095000147819519,0.7319999933242798,95428000
2002-04-03,0.6834999918937683,0.7225000262260437,0.6800000071525574,0.718500018119812,90682000
2002-04-04,0.6769999861717224,0.6899999976158142,0.6614999771118164,0.6865000128746033,114634000
2002-04-05,0.675000011920929,0.7020000219345093,0.6654999852180481,0.6834999918937683,90000000
2002-04-08,0.6974999904632568,0.6980000138282776,0.6480000019073486,0.6485000252723694,105556000
2002-04-09,0.6800000071525574,0.7294999957084656,0.6779999732971191,0.703499972820282,129180000
2002-04-10,0.6740000247955322,0.699999988079071,0.6524999737739563,0.6880000233650208,105134000
2002-04-11,0.6370000243186951,0.6639999747276306,0.6259999871253967,0.6639999747276306,119152000
2002-04-12,0.6654999852180481,0.6804999709129333,0.6424999833106995,0.6449999809265137,107582000
2002-04-15,0.6945000290870667,0.7049999833106995,0.6675000190734863,0.6710000038146973,95074000
2002-04-16,0.7005000114440918,0.7145000100135803,0.6859999895095825,0.7089999914169312,73620000
2002-04-17,0.7409999966621399,0.75,0.7120000123977661,0.7120000123977661,155122000
2002-04-18,0.7129999995231628,0.7429999709129333,0.6974999904632568,0.7350000143051147,77528000
2002-04-19,0.7264999747276306,0.7369999885559082,0.7074999809265137,0.718999981880188,74552000
2002-04-22,0.715499997138977,0.7425000071525574,0.7074999809265137,0.7289999723434448,105806000
2002-04-23,0.703000009059906,0.737500011920929,0.6940000057220459,0.7174999713897705,161538000
2002-04-24,0.8395000100135803,0.8424999713897705,0.7524999976158142,0.7615000009536743,689188000
2002-04-25,0.8410000205039978,0.8525000214576721,0.8205000162124634,0.8255000114440918,234604000
2002-04-26,0.8454999923706055,0.8475000262260437,0.8159999847412109,0.8429999947547913,162714000
2002-04-29,0.8090000152587891,0.8500000238418579,0.7950000166893005,0.8374999761581421,168304000
2002-04-30,0.8345000147819519,0.8379999995231628,0.796500027179718,0.8065000176429749,128416000
2002-05-01,0.8245000243186951,0.8525000214576721,0.8209999799728394,0.8274999856948853,154026000
2002-05-02,0.8159999847412109,0.8324999809265137,0.8125,0.8215000033378601,96380000
2002-05-03,0.8025000095367432,0.8199999928474426,0.7875000238418579,0.8115000128746033,103220000
2002-05-06,0.8059999942779541,0.8245000243186951,0.7875000238418579,0.796999990940094,107052000
2002-05-07,0.8054999709129333,0.8174999952316284,0.8015000224113464,0.8054999709129333,110874000
2002-05-08,0.8659999966621399,0.8730000257492065,0.824999988079071,0.8274999856948853,157768000
2002-05-09,0.8865000009536743,0.9114999771118164,0.8550000190734863,0.8560000061988831,220046000
2002-05-10,0.847000002861023,0.8980000019073486,0.8399999737739563,0.8945000171661377,151456000
2002-05-13,0.8659999966621399,0.8815000057220459,0.8424999713897705,0.8585000038146973,134002000
2002-05-14,0.940500020980835,0.9725000262260437,0.9010000228881836,0.9020000100135803,293194000
2002-05-15,0.996999979019165,1.0199999809265137,0.9175000190734863,0.9340000152587891,257962000
2002-05-16,0.9804999828338623,0.9975000023841858,0.9645000100135803,0.9754999876022339,156314000
2002-05-17,0.9580000042915344,1.0,0.940500020980835,0.9984999895095825,128938000
2002-05-20,0.9695000052452087,0.9739999771118164,0.9384999871253967,0.9399999976158142,169216000
2002-05-21,0.9380000233650208,0.9900000095367432,0.9275000095367432,0.9769999980926514,155270000
2002-05-22,0.9375,0.9564999938011169,0.9110000133514404,0.9334999918937683,101504000
2002-05-23,0.9725000262260437,0.9775000214576721,0.9304999709129333,0.9419999718666077,112964000
2002-05-24,0.9735000133514404,0.984499990940094,0.953000009059906,0.9700000286102295,85006000
2002-05-28,0.953000009059906,0.9804999828338623,0.9384999871253967,0.9785000085830688,79066000
2002-05-29,0.9455000162124634,0.9549999833106995,0.9399999976158142,0.9409999847412109,72282000
2002-05-30,0.9185000061988831,0.9470000267028809,0.9039999842643738,0.9350000023841858,148642000
2002-05-31,0.9114999771118164,0.9445000290870667,0.9100000262260437,0.925000011920929,101628000
2002-06-03,0.8980000019073486,0.925000011920929,0.8964999914169312,0.9154999852180481,74328000
2002-06-04,0.8985000252723694,0.9070000052452087,0.8734999895095825,0.8899999856948853,136994000
2002-06-05,0.8995000123977661,0.9089999794960022,0.8725000023841858,0.8989999890327454,87450000
2002-06-06,0.9085000157356262,0.9204999804496765,0.8880000114440918,0.8945000171661377,105000000
2002-06-07,0.9290000200271606,0.9325000047683716,0.8924999833106995,0.8945000171661377,107160000
2002-06-10,0.8650000095367432,0.906000018119812,0.8510000109672546,0.8949999809265137,221648000
2002-06-11,0.8569999933242798,0.8895000219345093,0.8560000061988831,0.8654999732971191,110416000
2002-06-12,0.8539999723434448,0.8575000166893005,0.8130000233650208,0.8525000214576721,146624000
2002-06-13,0.8715000152587891,0.875,0.8370000123977661,0.8500000238418579,97858000
2002-06-14,0.8410000205039978,0.8700000047683716,0.8130000233650208,0.8569999933242798,159464000
2002-06-17,0.9204999804496765,0.9240000247955322,0.8429999947547913,0.8475000262260437,181032000
2002-06-18,0.9390000104904175,0.9580000042915344,0.9045000076293945,0.906499981880188,159242000
2002-06-19,0.9150000214576721,0.9549999833106995,0.9135000109672546,0.9244999885559082,148406000
2002-06-20,0.8774999976158142,0.9190000295639038,0.8669999837875366,0.9160000085830688,173940000
2002-06-21,0.8765000104904175,0.8895000219345093,0.8669999837875366,0.8799999952316284,103536000
2002-06-24,0.8755000233650208,0.8889999985694885,0.847000002861023,0.8715000152587891,119136000
2002-06-25,0.7670000195503235,0.8475000262260437,0.7519999742507935,0.8445000052452087,306080000
2002-06-26,0.7925000190734863,0.796500027179718,0.734000027179718,0.734499990940094,165444000
2002-06-27,0.7929999828338623,0.8234999775886536,0.7649999856948853,0.8054999709129333,123840000
2002-06-28,0.8125,0.8180000185966492,0.7699999809265137,0.784500002861023,124758000
2002-07-01,0.6775000095367432,0.8084999918937683,0.6759999990463257,0.8084999918937683,270730000
2002-07-02,0.6660000085830688,0.7080000042915344,0.6499999761581421,0.6800000071525574,173398000
2002-07-03,0.7124999761581421,0.7229999899864197,0.6445000171661377,0.6690000295639038,154074000
2002-07-05,0.7605000138282776,0.7615000009536743,0.718500018119812,0.7195000052452087,67338000
2002-07-08,0.746999979019165,0.7925000190734863,0.734000027179718,0.7475000023841858,117800000
2002-07-09,0.7799999713897705,0.8015000224113464,0.7490000128746033,0.7524999976158142,150572000
2002-07-10,0.7480000257492065,0.796999990940094,0.7325000166893005,0.7825000286102295,135224000
2002-07-11,0.7774999737739563,0.7919999957084656,0.699999988079071,0.7329999804496765,146342000
2002-07-12,0.7714999914169312,0.809499979019165,0.762499988079071,0.7875000238418579,140000000
2002-07-15,0.796999990940094,0.7990000247955322,0.75,0.7735000252723694,120522000
2002-07-16,0.8144999742507935,0.8535000085830688,0.7829999923706055,0.784500002861023,215814000
2002-07-17,0.8080000281333923,0.8579999804496765,0.765999972820282,0.8420000076293945,146442000
2002-07-18,0.7774999737739563,0.8295000195503235,0.7764999866485596,0.7960000038146973,137134000
2002-07-19,0.7645000219345093,0.7854999899864197,0.7534999847412109,0.7680000066757202,122116000
2002-07-22,0.7749999761581421,0.7825000286102295,0.75,0.7574999928474426,186658000
2002-07-23,0.7275000214576721,0.7940000295639038,0.7200000286102295,0.7770000100135803,225828000
2002-07-24,0.7049999833106995,0.7080000042915344,0.6129999756813049,0.6184999942779541,395326000
2002-07-25,0.6244999766349792,0.7005000114440918,0.6200000047683716,0.6855000257492065,187204000
2002-07-26,0.6464999914169312,0.6554999947547913,0.625,0.6359999775886536,111134000
2002-07-29,0.7164999842643738,0.7229999899864197,0.6614999771118164,0.6625000238418579,140990000
2002-07-30,0.7384999990463257,0.7450000047683716,0.7039999961853027,0.7095000147819519,111178000
2002-07-31,0.7225000262260437,0.7329999804496765,0.7070000171661377,0.7225000262260437,76020000
2002-08-01,0.7080000042915344,0.7250000238418579,0.6995000243186951,0.715499997138977,121336000
2002-08-02,0.6919999718666077,0.7070000171661377,0.6725000143051147,0.7064999938011169,83572000
2002-08-05,0.6434999704360962,0.6894999742507935,0.6389999985694885,0.6825000047683716,77146000
2002-08-06,0.6869999766349792,0.6949999928474426,0.6570000052452087,0.6635000109672546,94038000
2002-08-07,0.6800000071525574,0.6970000267028809,0.6424999833106995,0.6965000033378601,111114000
2002-08-08,0.6949999928474426,0.7049999833106995,0.652999997138977,0.6620000004768372,109416000
2002-08-09,0.7129999995231628,0.737500011920929,0.6800000071525574,0.6804999709129333,95558000
2002-08-12,0.7229999899864197,0.7245000004768372,0.6974999904632568,0.7070000171661377,70066000
2002-08-13,0.6965000033378601,0.7335000038146973,0.6949999928474426,0.7149999737739563,104688000
2002-08-14,0.6955000162124634,0.703000009059906,0.6660000085830688,0.6965000033378601,138704000
2002-08-15,0.7310000061988831,0.737500011920929,0.6959999799728394,0.7024999856948853,100932000
2002-08-16,0.7450000047683716,0.7505000233650208,0.715499997138977,0.7195000052452087,73042000
2002-08-19,0.7749999761581421,0.7760000228881836,0.7335000038146973,0.7419999837875366,85542000
2002-08-20,0.7990000247955322,0.7994999885559082,0.765500009059906,0.7689999938011169,154026000
2002-08-21,0.7689999938011169,0.7985000014305115,0.7599999904632568,0.7975000143051147,145684000
2002-08-22,0.7864999771118164,0.7975000143051147,0.7459999918937683,0.7664999961853027,137082000
2002-08-23,0.7584999799728394,0.7860000133514404,0.7475000023841858,0.7799999713897705,100776000
2002-08-26,0.7465000152587891,0.7720000147819519,0.734000027179718,0.7645000219345093,128192000
2002-08-27,0.7260000109672546,0.7634999752044678,0.7250000238418579,0.7519999742507935,71578000
2002-08-28,0.7285000085830688,0.7484999895095825,0.7174999713897705,0.7239999771118164,99710000
2002-08-29,0.7570000290870667,0.7595000267028809,0.7105000019073486,0.7214999794960022,135836000
2002-08-30,0.746999979019165,0.7689999938011169,0.737500011920929,0.7455000281333923,68794000
2002-09-03,0.7300000190734863,0.7515000104904175,0.7245000004768372,0.7354999780654907,93604000
2002-09-04,0.7415000200271606,0.7480000257492065,0.7129999995231628,0.7329999804496765,88608000
2002-09-05,0.7124999761581421,0.7360000014305115,0.7120000123977661,0.7289999723434448,106404000
2002-09-06,0.765500009059906,0.7739999890327454,0.7279999852180481,0.7279999852180481,99906000
2002-09-09,0.8255000114440918,0.8324999809265137,0.753000020980835,0.7559999823570251,176450000
2002-09-10,0.8565000295639038,0.8675000071525574,0.8209999799728394,0.8264999985694885,224976000
2002-09-11,0.8554999828338623,0.8924999833106995,0.8519999980926514,0.8575000166893005,133264000
2002-09-12,0.8374999761581421,0.8565000295639038,0.8305000066757202,0.8414999842643738,141302000
2002-09-13,0.8305000066757202,0.8495000004768372,0.824999988079071,0.8345000147819519,73098000
2002-09-16,0.8355000019073486,0.8464999794960022,0.8224999904632568,0.8255000114440918,59250000
2002-09-17,0.8675000071525574,0.887499988079071,0.8385000228881836,0.8500000238418579,172424000
2002-09-18,0.8865000009536743,0.8964999914169312,0.8475000262260437,0.8610000014305115,167820000
2002-09-19,0.8604999780654907,0.8820000290870667,0.8585000038146973,0.8700000047683716,96822000
2002-09-20,0.7929999828338623,0.8820000290870667,0.7724999785423279,0.8725000023841858,252112000
2002-09-23,0.8025000095367432,0.8220000267028809,0.7795000076293945,0.7799999713897705,148090000
2002-09-24,0.796500027179718,0.8184999823570251,0.7799999713897705,0.7935000061988831,141458000
2002-09-25,0.7864999771118164,0.8195000290870667,0.7645000219345093,0.8084999918937683,186780000
2002-09-26,0.8575000166893005,0.8675000071525574,0.7854999899864197,0.796500027179718,232700000
2002-09-27,0.8504999876022339,0.8700000047683716,0.8410000205039978,0.8424999713897705,140674000
2002-09-30,0.796500027179718,0.8424999713897705,0.7925000190734863,0.8320000171661377,184798000
2002-10-01,0.8475000262260437,0.8529999852180481,0.8004999756813049,0.8115000128746033,184346000
2002-10-02,0.8504999876022339,0.8820000290870667,0.8349999785423279,0.840499997138977,164472000
2002-10-03,0.8374999761581421,0.862500011920929,0.8330000042915344,0.8395000100135803,127082000
2002-10-04,0.8274999856948853,0.8575000166893005,0.8190000057220459,0.8475000262260437,152988000
2002-10-07,0.8320000171661377,0.8479999899864197,0.8184999823570251,0.8274999856948853,114962000
2002-10-08,0.847000002861023,0.8529999852180481,0.8230000138282776,0.843999981880188,121960000
2002-10-09,0.8429999947547913,0.8565000295639038,0.8299999833106995,0.8349999785423279,121670000
2002-10-10,0.8980000019073486,0.8985000252723694,0.8575000166893005,0.8579999804496765,210572000
2002-10-11,0.9229999780654907,0.9369999766349792,0.9049999713897705,0.9089999794960022,192570000
2002-10-14,0.9599999785423279,0.9614999890327454,0.9085000157356262,0.9089999794960022,197448000
2002-10-15,0.9470000267028809,1.0069999694824219,0.9325000047683716,0.9919999837875366,280184000
2002-10-16,0.9745000004768372,0.9829999804496765,0.9125000238418579,0.9135000109672546,174842000
2002-10-17,0.9369999766349792,1.0110000371932983,0.921500027179718,1.0049999952316284,283618000
2002-10-18,0.9520000219345093,0.9645000100135803,0.9179999828338623,0.9240000247955322,131366000
2002-10-21,0.9629999995231628,0.9764999747276306,0.9359999895095825,0.9445000290870667,135154000
2002-10-22,0.968999981880188,0.9955000281333923,0.9449999928474426,0.9505000114440918,172914000
2002-10-23,0.987500011920929,0.9909999966621399,0.968500018119812,0.9760000109672546,132962000
2002-10-24,0.9929999709129333,1.0130000114440918,0.9900000095367432,0.9975000023841858,258598000
2002-10-25,0.9649999737739563,0.9679999947547913,0.9240000247955322,0.9419999718666077,318000000
2002-10-28,0.9294999837875366,0.9865000247955322,0.9200000166893005,0.9639999866485596,175996000
2002-10-29,0.9284999966621399,0.9459999799728394,0.9035000205039978,0.9254999756813049,144840000
2002-10-30,0.9539999961853027,0.9610000252723694,0.9235000014305115,0.9424999952316284,137776000
2002-10-31,0.9679999947547913,0.9739999771118164,0.9424999952316284,0.9514999985694885,136452000
2002-11-01,0.9900000095367432,0.9950000047683716,0.9545000195503235,0.9610000252723694,110988000
2002-11-04,0.9390000104904175,0.9904999732971191,0.9294999837875366,0.9695000052452087,259270000
2002-11-05,0.9359999895095825,0.9434999823570251,0.9100000262260437,0.9315000176429749,158848000
2002-11-06,0.9670000076293945,0.9695000052452087,0.9129999876022339,0.9384999871253967,159468000
2002-11-07,0.9559999704360962,0.9649999737739563,0.9384999871253967,0.9424999952316284,128394000
2002-11-08,0.9754999876022339,0.9829999804496765,0.940500020980835,0.9520000219345093,140642000
2002-11-11,0.949999988079071,0.9775000214576721,0.9399999976158142,0.9700000286102295,114992000
2002-11-12,0.9909999966621399,0.9994999766349792,0.9505000114440918,0.9505000114440918,209244000
2002-11-13,1.0204999446868896,1.0499999523162842,0.9804999828338623,0.9804999828338623,364124000
2002-11-14,1.0605000257492065,1.0744999647140503,1.0475000143051147,1.0494999885559082,263546000
2002-11-15,1.1104999780654907,1.1174999475479126,1.0544999837875366,1.0575000047683716,245168000
2002-11-18,1.121000051498413,1.187000036239624,1.1074999570846558,1.1325000524520874,506670000
2002-11-19,1.0644999742507935,1.094499945640564,1.0614999532699585,1.093999981880188,245178000
2002-11-20,1.1449999809265137,1.149999976158142,1.0609999895095825,1.0674999952316284,265888000
2002-11-21,1.1699999570846558,1.1924999952316284,1.1605000495910645,1.1664999723434448,225770000
2002-11-22,1.1994999647140503,1.2139999866485596,1.1549999713897705,1.159999966621399,233732000
2002-11-25,1.212499976158142,1.225000023841858,1.190999984741211,1.2015000581741333,201822000
2002-11-26,1.1699999570846558,1.2100000381469727,1.1690000295639038,1.2009999752044678,128116000
2002-11-27,1.2039999961853027,1.2120000123977661,1.1855000257492065,1.1859999895095825,113320000
2002-11-29,1.1675000190734863,1.218999981880188,1.1664999723434448,1.2074999809265137,51546000
2002-12-02,1.2055000066757202,1.25,1.2000000476837158,1.2074999809265137,223050000
2002-12-03,1.187000036239624,1.1990000009536743,1.1690000295639038,1.191499948501587,118022000
2002-12-04,1.1694999933242798,1.190000057220459,1.1480000019073486,1.1740000247955322,157578000
2002-12-05,1.128999948501587,1.184000015258789,1.1100000143051147,1.1829999685287476,212852000
2002-12-06,1.1304999589920044,1.1345000267028809,1.0755000114440918,1.0850000381469727,187870000
2002-12-09,1.0839999914169312,1.1174999475479126,1.0800000429153442,1.1115000247955322,149094000
2002-12-10,1.093000054359436,1.0994999408721924,1.062000036239624,1.0980000495910645,141874000
2002-12-11,1.1065000295639038,1.11899995803833,1.0809999704360962,1.0835000276565552,127746000
2002-12-12,1.1150000095367432,1.13100004196167,1.090499997138977,1.1234999895095825,119550000
2002-12-13,1.1089999675750732,1.1174999475479126,1.093500018119812,1.097499966621399,77184000
2002-12-16,1.125499963760376,1.1265000104904175,1.1019999980926514,1.1115000247955322,98814000
2002-12-17,1.1230000257492065,1.128000020980835,1.1160000562667847,1.1165000200271606,68390000
2002-12-18,1.1050000190734863,1.1130000352859497,1.0989999771118164,1.1124999523162842,79856000
2002-12-19,1.0844999551773071,1.1100000143051147,1.0765000581741333,1.0815000534057617,116288000
2002-12-20,1.096500039100647,1.1004999876022339,1.0800000429153442,1.0894999504089355,98706000
2002-12-23,1.1119999885559082,1.1234999895095825,1.0889999866485596,1.0889999866485596,88490000
2002-12-24,1.093999981880188,1.1139999628067017,1.093999981880188,1.1089999675750732,46972000
2002-12-26,1.0149999856948853,1.0800000429153442,1.0,1.0794999599456787,283986000
2002-12-27,0.9430000185966492,1.0049999952316284,0.921500027179718,0.9984999895095825,439456000
2002-12-30,0.9624999761581421,0.9700000286102295,0.9369999766349792,0.9424999952316284,165694000
2002-12-31,0.9445000290870667,0.9779999852180481,0.9415000081062317,0.9624999761581421,110740000
2003-01-02,0.9785000085830688,0.984000027179718,0.9275000095367432,0.9595000147819519,129680000
2003-01-03,1.0260000228881836,1.0264999866485596,0.9704999923706055,0.9794999957084656,175140000
2003-01-06,1.034999966621399,1.058500051498413,1.0149999856948853,1.0199999809265137,153962000
2003-01-07,1.0774999856948853,1.087499976158142,1.0299999713897705,1.0414999723434448,191364000
2003-01-08,1.0509999990463257,1.0800000429153442,1.0410000085830688,1.0720000267028809,139630000
2003-01-09,1.0724999904632568,1.0850000381469727,1.0449999570846558,1.0540000200271606,123096000
2003-01-10,1.065999984741211,1.0829999446868896,1.0405000448226929,1.0479999780654907,151586000
2003-01-13,1.1019999980926514,1.1050000190734863,1.0625,1.066499948501587,142426000
2003-01-14,1.1369999647140503,1.1380000114440918,1.0829999446868896,1.0924999713897705,140976000
2003-01-15,1.1134999990463257,1.1304999589920044,1.097000002861023,1.1295000314712524,139788000
2003-01-16,1.090000033378601,1.1050000190734863,1.0724999904632568,1.0844999551773071,158232000
2003-01-17,1.0700000524520874,1.0855000019073486,1.0614999532699585,1.0729999542236328,115724000
2003-01-21,1.0540000200271606,1.0805000066757202,1.0180000066757202,1.0625,125862000
2003-01-22,1.058500051498413,1.0850000381469727,1.037500023841858,1.0384999513626099,133672000
2003-01-23,1.0894999504089355,1.1019999980926514,1.0575000047683716,1.0770000219345093,219960000
2003-01-24,1.1054999828338623,1.1640000343322754,1.0950000286102295,1.1295000314712524,433636000
2003-01-27,1.0889999866485596,1.118499994277954,1.0820000171661377,1.0839999914169312,164140000
2003-01-28,1.0809999704360962,1.0985000133514404,1.0614999532699585,1.0954999923706055,159368000
2003-01-29,1.1039999723434448,1.1174999475479126,1.0700000524520874,1.0774999856948853,141138000
2003-01-30,1.090999960899353,1.1200000047683716,1.0865000486373901,1.1100000143051147,119314000
2003-01-31,1.0924999713897705,1.1134999990463257,1.0779999494552612,1.0820000171661377,125250000
2003-02-03,1.1080000400543213,1.121999979019165,1.090999960899353,1.097000002861023,103910000
2003-02-04,1.1024999618530273,1.1069999933242798,1.0785000324249268,1.097000002861023,96352000
2003-02-05,1.1085000038146973,1.125,1.1015000343322754,1.1089999675750732,106862000
2003-02-06,1.1045000553131104,1.1239999532699585,1.096500039100647,1.1080000400543213,80754000
2003-02-07,1.0720000267028809,1.1054999828338623,1.059999942779541,1.1050000190734863,138858000
2003-02-10,1.0700000524520874,1.0705000162124634,1.028499960899353,1.0700000524520874,161930000
2003-02-11,1.0390000343322754,1.0800000429153442,1.034500002861023,1.0779999494552612,133580000
2003-02-12,1.05649995803833,1.059999942779541,1.0329999923706055,1.0394999980926514,108678000
2003-02-13,1.003000020980835,1.0499999523162842,0.9804999828338623,1.0475000143051147,231536000
2003-02-14,1.003000020980835,1.0115000009536743,0.9854999780654907,0.9994999766349792,132506000
2003-02-18,1.0694999694824219,1.0705000162124634,1.0075000524520874,1.0075000524520874,157998000
2003-02-19,1.059499979019165,1.0625,1.0509999990463257,1.0575000047683716,109416000
2003-02-20,1.0679999589920044,1.0750000476837158,1.0544999837875366,1.059499979019165,83396000
2003-02-21,1.0889999866485596,1.0915000438690186,1.0520000457763672,1.0674999952316284,144156000
2003-02-24,1.0889999866485596,1.1089999675750732,1.0820000171661377,1.0820000171661377,138732000
2003-02-25,1.093999981880188,1.100000023841858,1.0700000524520874,1.0750000476837158,112480000
2003-02-26,1.0820000171661377,1.0989999771118164,1.0809999704360962,1.0815000534057617,82426000
2003-02-27,1.0809999704360962,1.0885000228881836,1.0125000476837158,1.0829999446868896,101526000
2003-02-28,1.1004999876022339,1.1009999513626099,1.0714999437332153,1.0785000324249268,93742000
2003-03-03,1.090499997138977,1.1304999589920044,1.0870000123977661,1.1074999570846558,89606000
2003-03-04,1.1134999990463257,1.1174999475479126,1.0679999589920044,1.0850000381469727,108686000
2003-03-05,1.121000051498413,1.13100004196167,1.1009999513626099,1.1039999723434448,103208000
2003-03-06,1.1345000267028809,1.1425000429153442,1.1059999465942383,1.1160000562667847,108548000
2003-03-07,1.1484999656677246,1.1519999504089355,1.1130000352859497,1.1160000562667847,116968000
2003-03-10,1.1440000534057617,1.1480000019073486,1.127500057220459,1.1299999952316284,88120000
2003-03-11,1.1390000581741333,1.1460000276565552,1.125499963760376,1.1375000476837158,80682000
2003-03-12,1.1679999828338623,1.1690000295639038,1.124500036239624,1.125499963760376,111462000
2003-03-13,1.2209999561309814,1.2295000553131104,1.156499981880188,1.184000015258789,224178000
2003-03-14,1.2354999780654907,1.2450000047683716,1.2100000381469727,1.2269999980926514,178156000
2003-03-17,1.3274999856948853,1.3420000076293945,1.2200000286102295,1.2235000133514404,302498000
2003-03-18,1.3389999866485596,1.3420000076293945,1.3049999475479126,1.3229999542236328,174996000
2003-03-19,1.3270000219345093,1.3344999551773071,1.3079999685287476,1.316499948501587,169620000
2003-03-20,1.372499942779541,1.381500005722046,1.30649995803833,1.3170000314712524,187524000
2003-03-21,1.3964999914169312,1.3975000381469727,1.3519999980926514,1.3854999542236328,213154000
2003-03-24,1.3114999532699585,1.3630000352859497,1.309999942779541,1.3539999723434448,206810000
2003-03-25,1.3450000286102295,1.3545000553131104,1.3105000257492065,1.3125,144264000
2003-03-26,1.3880000114440918,1.3934999704360962,1.3355000019073486,1.343999981880188,147514000
2003-03-27,1.3884999752044678,1.4019999504089355,1.372499942779541,1.3795000314712524,212842000
2003-03-28,1.3589999675750732,1.3975000381469727,1.3550000190734863,1.3795000314712524,128740000
2003-03-31,1.3014999628067017,1.3370000123977661,1.2979999780654907,1.3285000324249268,184296000
2003-04-01,1.2769999504089355,1.2795000076293945,1.253000020980835,1.277500033378601,195480000
2003-04-02,1.319000005722046,1.3240000009536743,1.2920000553131104,1.2990000247955322,132460000
2003-04-03,1.3324999809265137,1.3545000553131104,1.3009999990463257,1.3255000114440918,146488000
2003-04-04,1.3109999895095825,1.3415000438690186,1.2975000143051147,1.3355000019073486,121456000
2003-04-07,1.340999960899353,1.378000020980835,1.337499976158142,1.3604999780654907,144608000
2003-04-08,1.3259999752044678,1.340000033378601,1.3224999904632568,1.3394999504089355,108072000
2003-04-09,1.253000020980835,1.31850004196167,1.2419999837875366,1.3174999952316284,239178000
2003-04-10,1.2834999561309814,1.2970000505447388,1.2389999628067017,1.2714999914169312,186224000
2003-04-11,1.287500023841858,1.312000036239624,1.2710000276565552,1.2925000190734863,137980000
2003-04-14,1.252500057220459,1.2575000524520874,1.225000023841858,1.2400000095367432,208342000
2003-04-15,1.256500005722046,1.2714999914169312,1.2410000562667847,1.2445000410079956,126828000
2003-04-16,1.218999981880188,1.274999976158142,1.2065000534057617,1.2649999856948853,185890000
2003-04-17,1.249500036239624,1.250499963760376,1.2174999713897705,1.2235000133514404,135798000
2003-04-21,1.2625000476837158,1.308500051498413,1.2450000047683716,1.2515000104904175,142646000
2003-04-22,1.2790000438690186,1.284500002861023,1.2410000562667847,1.2545000314712524,137372000
2003-04-23,1.2714999914169312,1.3274999856948853,1.2680000066757202,1.3200000524520874,177002000
2003-04-24,1.25600004196167,1.3359999656677246,1.2384999990463257,1.2699999809265137,352066000
2003-04-25,1.4485000371932983,1.4500000476837158,1.3910000324249268,1.399999976158142,799448000
2003-04-28,1.4555000066757202,1.4594999551773071,1.4299999475479126,1.4320000410079956,316020000
2003-04-29,1.4444999694824219,1.4520000219345093,1.4305000305175781,1.4455000162124634,210528000
2003-04-30,1.434499979019165,1.4500000476837158,1.4190000295639038,1.4299999475479126,189000000
2003-05-01,1.4329999685287476,1.434999942779541,1.4075000286102295,1.434000015258789,153784000
2003-05-02,1.471500039100647,1.472499966621399,1.4275000095367432,1.43149995803833,197688000
2003-05-05,1.4980000257492065,1.502500057220459,1.4505000114440918,1.4735000133514404,222726000
2003-05-06,1.5440000295639038,1.559000015258789,1.4900000095367432,1.493499994277954,279248000
2003-05-07,1.534999966621399,1.5429999828338623,1.5015000104904175,1.5329999923706055,207036000
2003-05-08,1.5225000381469727,1.5379999876022339,1.5110000371932983,1.5180000066757202,170270000
2003-05-09,1.5479999780654907,1.5494999885559082,1.5099999904632568,1.5230000019073486,119634000
2003-05-12,1.5850000381469727,1.590000033378601,1.5334999561309814,1.5414999723434448,144938000
2003-05-13,1.6475000381469727,1.6744999885559082,1.5720000267028809,1.5774999856948853,316890000
2003-05-14,1.6299999952316284,1.659500002861023,1.621999979019165,1.656999945640564,159864000
2003-05-15,1.631500005722046,1.6375000476837158,1.6100000143051147,1.6319999694824219,103846000
2003-05-16,1.652500033378601,1.6579999923706055,1.61899995803833,1.625499963760376,152882000
2003-05-19,1.5779999494552612,1.6484999656677246,1.5700000524520874,1.6349999904632568,195270000
2003-05-20,1.5740000009536743,1.6065000295639038,1.558500051498413,1.5779999494552612,161324000
2003-05-21,1.587499976158142,1.5920000076293945,1.5579999685287476,1.5670000314712524,104006000
2003-05-22,1.649999976158142,1.6644999980926514,1.5644999742507935,1.587499976158142,169798000
2003-05-23,1.6360000371932983,1.652500033378601,1.6234999895095825,1.6514999866485596,141264000
2003-05-27,1.7424999475479126,1.7515000104904175,1.622499942779541,1.627500057220459,244508000
2003-05-28,1.7430000305175781,1.7864999771118164,1.7324999570846558,1.74399995803833,181062000
2003-05-29,1.777500033378601,1.7984999418258667,1.7350000143051147,1.7445000410079956,186832000
2003-05-30,1.7944999933242798,1.8044999837875366,1.75,1.780500054359436,203806000
2003-06-02,1.7699999809265137,1.8339999914169312,1.7675000429153442,1.8250000476837158,191054000
2003-06-03,1.7615000009536743,1.7654999494552612,1.7339999675750732,1.7354999780654907,201918000
2003-06-04,1.7695000171661377,1.7799999713897705,1.7350000143051147,1.75,186668000
2003-06-05,1.7760000228881836,1.7920000553131104,1.7304999828338623,1.7580000162124634,143874000
2003-06-06,1.6675000190734863,1.812999963760376,1.662500023841858,1.8020000457763672,227618000
2003-06-09,1.684000015258789,1.7235000133514404,1.6540000438690186,1.7235000133514404,168768000
2003-06-10,1.7035000324249268,1.718999981880188,1.6414999961853027,1.7009999752044678,193272000
2003-06-11,1.7324999570846558,1.7404999732971191,1.6799999475479126,1.6985000371932983,154928000
2003-06-12,1.7599999904632568,1.7699999809265137,1.7354999780654907,1.7649999856948853,140650000
2003-06-13,1.7065000534057617,1.7725000381469727,1.7024999856948853,1.7699999809265137,120236000
2003-06-16,1.7920000553131104,1.7925000190734863,1.7039999961853027,1.7285000085830688,142558000
2003-06-17,1.7920000553131104,1.81850004196167,1.7625000476837158,1.7964999675750732,164998000
2003-06-18,1.7925000190734863,1.8619999885559082,1.7675000429153442,1.774999976158142,224136000
2003-06-19,1.774999976158142,1.837499976158142,1.7690000534057617,1.7899999618530273,119762000
2003-06-20,1.7519999742507935,1.7940000295639038,1.7419999837875366,1.7899999618530273,140250000
2003-06-23,1.7790000438690186,1.7929999828338623,1.7515000104904175,1.7740000486373901,168146000
2003-06-24,1.7699999809265137,1.7910000085830688,1.7269999980926514,1.7684999704360962,163544000
2003-06-25,1.7695000171661377,1.80649995803833,1.7575000524520874,1.7649999856948853,133180000
2003-06-26,1.8359999656677246,1.8420000076293945,1.753000020980835,1.7604999542236328,205848000
2003-06-27,1.815000057220459,1.8545000553131104,1.809000015258789,1.8344999551773071,135130000
2003-06-30,1.815999984741211,1.840999960899353,1.8009999990463257,1.8315000534057617,102878000
2003-07-01,1.8624999523162842,1.8645000457763672,1.784999966621399,1.816499948501587,144856000
2003-07-02,1.8925000429153442,1.8945000171661377,1.8569999933242798,1.8799999952316284,121722000
2003-07-03,1.8960000276565552,1.9079999923706055,1.8509999513626099,1.8509999513626099,76920000
2003-07-07,1.9524999856948853,1.9550000429153442,1.8975000381469727,1.9149999618530273,133946000
2003-07-08,2.0255000591278076,2.0415000915527344,1.9375,1.937999963760376,242908000
2003-07-09,2.0250000953674316,2.0364999771118164,1.993499994277954,2.0269999504089355,156644000
2003-07-10,1.912500023841858,1.975000023841858,1.909999966621399,1.9559999704360962,176512000
2003-07-11,1.8825000524520874,1.9149999618530273,1.8550000190734863,1.9149999618530273,231198000
2003-07-14,1.9635000228881836,1.9804999828338623,1.9119999408721924,1.9249999523162842,173806000
2003-07-15,1.9214999675750732,1.9804999828338623,1.88100004196167,1.9804999828338623,117030000
2003-07-16,1.8839999437332153,1.9259999990463257,1.8660000562667847,1.9259999990463257,112512000
2003-07-17,1.815999984741211,1.8650000095367432,1.8020000457763672,1.8574999570846558,152840000
2003-07-18,1.7489999532699585,1.8424999713897705,1.7395000457763672,1.815999984741211,268058000
2003-07-21,1.7664999961853027,1.7999999523162842,1.7300000190734863,1.7354999780654907,196514000
2003-07-22,1.743499994277954,1.7999999523162842,1.7000000476837158,1.784999966621399,317936000
2003-07-23,2.005500078201294,2.012500047683716,1.8674999475479126,1.8875000476837158,643562000
2003-07-24,2.065500020980835,2.1549999713897705,2.0290000438690186,2.052500009536743,476560000
2003-07-25,2.0799999237060547,2.0824999809265137,1.9874999523162842,2.0369999408721924,212952000
2003-07-28,2.1040000915527344,2.1089999675750732,2.0434999465942383,2.07450008392334,149064000
2003-07-29,2.069499969482422,2.125,2.052999973297119,2.0994999408721924,156510000
2003-07-30,2.0329999923706055,2.063499927520752,2.0225000381469727,2.057499885559082,143326000
2003-07-31,2.0820000171661377,2.0985000133514404,2.0334999561309814,2.067500114440918,179414000
2003-08-01,2.001499891281128,2.0815000534057617,1.9889999628067017,2.070499897003174,176104000
2003-08-04,1.9824999570846558,2.0144999027252197,1.9474999904632568,1.9850000143051147,141088000
2003-08-05,1.933500051498413,1.9924999475479126,1.93149995803833,1.9620000123977661,136324000
2003-08-06,1.9470000267028809,1.997499942779541,1.9140000343322754,1.930999994277954,183852000
2003-08-07,1.9505000114440918,1.9670000076293945,1.9294999837875366,1.9500000476837158,127910000
2003-08-08,1.9574999809265137,1.9700000286102295,1.93149995803833,1.9565000534057617,96218000
2003-08-11,1.9464999437332153,1.9520000219345093,1.9175000190734863,1.9494999647140503,104782000
2003-08-12,1.9924999475479126,1.9980000257492065,1.9155000448226929,1.9474999904632568,122570000
2003-08-13,2.010499954223633,2.0234999656677246,1.9854999780654907,2.012500047683716,143090000
2003-08-14,2.015000104904175,2.0185000896453857,1.9824999570846558,1.996000051498413,97006000
2003-08-15,2.005000114440918,2.0190000534057617,1.9984999895095825,2.0114998817443848,49730000
2003-08-18,2.1510000228881836,2.1619999408721924,2.0190000534057617,2.0239999294281006,223484000
2003-08-19,2.178499937057495,2.2095000743865967,2.1459999084472656,2.172499895095825,209786000
2003-08-20,2.187999963760376,2.197000026702881,2.1505000591278076,2.1530001163482666,134494000
2003-08-21,2.2850000858306885,2.2955000400543213,2.19350004196167,2.2109999656677246,231850000
2003-08-22,2.260999917984009,2.3475000858306885,2.240499973297119,2.318000078201294,209466000
2003-08-25,2.2925000190734863,2.308000087738037,2.2265000343322754,2.242500066757202,142070000
2003-08-26,2.2964999675750732,2.306999921798706,2.255500078201294,2.2825000286102295,130848000
2003-08-27,2.2939999103546143,2.303499937057495,2.263000011444092,2.2885000705718994,90788000
2003-08-28,2.296999931335449,2.299999952316284,2.240499973297119,2.296999931335449,139750000
2003-08-29,2.315999984741211,2.322000026702881,2.2860000133514404,2.2909998893737793,123168000
2003-09-02,2.366499900817871,2.372499942779541,2.30049991607666,2.3259999752044678,189188000
2003-09-03,2.309499979019165,2.387500047683716,2.2929999828338623,2.378999948501587,213958000
2003-09-04,2.364500045776367,2.369499921798706,2.302000045776367,2.309999942779541,205100000
2003-09-05,2.3259999752044678,2.374000072479248,2.305000066757202,2.3475000858306885,162058000
2003-09-08,2.364000082015991,2.367500066757202,2.302999973297119,2.325000047683716,148164000
2003-09-09,2.3340001106262207,2.36899995803833,2.315000057220459,2.3550000190734863,162016000
2003-09-10,2.311000108718872,2.3615000247955322,2.302999973297119,2.312999963760376,160058000
2003-09-11,2.259500026702881,2.317500114440918,2.2385001182556152,2.309999942779541,232262000
2003-09-12,2.2839999198913574,2.2890000343322754,2.2365000247955322,2.242500066757202,135002000
2003-09-15,2.2755000591278076,2.2885000705718994,2.2614998817443848,2.2679998874664307,88540000
2003-09-16,2.312000036239624,2.3125,2.252500057220459,2.2699999809265137,155104000
2003-09-17,2.308000087738037,2.3429999351501465,2.2769999504089355,2.310499906539917,146682000
2003-09-18,2.3945000171661377,2.4119999408721924,2.296999931335449,2.308000087738037,180770000
2003-09-19,2.378999948501587,2.3984999656677246,2.367500066757202,2.3935000896453857,124990000
2003-09-22,2.373500108718872,2.376499891281128,2.309999942779541,2.328000068664551,184800000
2003-09-23,2.5220000743865967,2.5460000038146973,2.367500066757202,2.370500087738037,405918000
2003-09-24,2.4804999828338623,2.565000057220459,2.4800000190734863,2.5174999237060547,306604000
2003-09-25,2.502500057220459,2.547499895095825,2.4639999866485596,2.4830000400543213,220666000
2003-09-26,2.427999973297119,2.5230000019073486,2.4149999618530273,2.494999885559082,268770000
2003-09-29,2.493000030517578,2.498500108718872,2.4200000762939453,2.444000005722046,180786000
2003-09-30,2.4214999675750732,2.48799991607666,2.4175000190734863,2.4825000762939453,185292000
2003-10-01,2.4560000896453857,2.4639999866485596,2.375499963760376,2.4184999465942383,251276000
2003-10-02,2.504499912261963,2.509999990463257,2.434000015258789,2.447000026702881,164398000
2003-10-03,2.6445000171661377,2.6610000133514404,2.551500082015991,2.55649995803833,283512000
2003-10-06,2.7074999809265137,2.7119998931884766,2.629499912261963,2.6445000171661377,155462000
2003-10-07,2.745500087738037,2.8125,2.697499990463257,2.700000047683716,405998000
2003-10-08,2.7850000858306885,2.813999891281128,2.75600004196167,2.7720000743865967,271160000
2003-10-09,2.8929998874664307,2.9549999237060547,2.869999885559082,2.870500087738037,432138000
2003-10-10,2.9030001163482666,2.9165000915527344,2.871999979019165,2.884999990463257,228708000
2003-10-13,2.9149999618530273,2.934499979019165,2.871999979019165,2.8970000743865967,166580000
2003-10-14,2.995500087738037,2.999000072479248,2.890000104904175,2.9049999713897705,199732000
2003-10-15,2.927500009536743,3.0204999446868896,2.9214999675750732,3.0195000171661377,204578000
2003-10-16,2.995500087738037,2.995500087738037,2.9045000076293945,2.9079999923706055,204222000
2003-10-17,2.984499931335449,2.994999885559082,2.932499885559082,2.9649999141693115,238658000
2003-10-20,2.9795000553131104,3.01200008392334,2.946000099182129,2.9779999256134033,221722000
2003-10-21,2.9674999713897705,3.057499885559082,2.950500011444092,2.9865000247955322,342298000
2003-10-22,2.7014999389648438,2.807499885559082,2.686500072479248,2.802500009536743,654038000
2003-10-23,2.7160000801086426,2.7260000705718994,2.6454999446868896,2.6489999294281006,292234000
2003-10-24,2.7255001068115234,2.746999979019165,2.6500000953674316,2.7274999618530273,208764000
2003-10-27,2.740999937057495,2.762500047683716,2.7249999046325684,2.744999885559082,127838000
2003-10-28,2.8364999294281006,2.8450000286102295,2.7274999618530273,2.759500026702881,184618000
2003-10-29,2.8345000743865967,2.8575000762939453,2.799999952316284,2.8324999809265137,175530000
2003-10-30,2.7915000915527344,2.875999927520752,2.7785000801086426,2.869999885559082,196508000
2003-10-31,2.7214999198913574,2.80649995803833,2.7190001010894775,2.7950000762939453,154534000
2003-11-03,2.8369998931884766,2.8399999141693115,2.7155001163482666,2.740000009536743,182622000
2003-11-04,2.8429999351501465,2.874500036239624,2.802999973297119,2.8350000381469727,140190000
2003-11-05,2.8369998931884766,2.8494999408721924,2.803999900817871,2.80649995803833,106148000
2003-11-06,2.749500036239624,2.8434998989105225,2.737499952316284,2.8405001163482666,175836000
2003-11-07,2.7155001163482666,2.7850000858306885,2.700000047683716,2.7804999351501465,170008000
2003-11-10,2.5989999771118164,2.700000047683716,2.5869998931884766,2.697499990463257,182410000
2003-11-11,2.6115000247955322,2.637500047683716,2.5380001068115234,2.5920000076293945,218402000
2003-11-12,2.7065000534057617,2.7144999504089355,2.6054999828338623,2.628499984741211,185186000
2003-11-13,2.740000009536743,2.756500005722046,2.678499937057495,2.7019999027252197,141460000
2003-11-14,2.622499942779541,2.739000082015991,2.6105000972747803,2.7214999198913574,167306000
2003-11-17,2.5179998874664307,2.609499931335449,2.4790000915527344,2.5959999561309814,259938000
2003-11-18,2.424999952316284,2.5490000247955322,2.422499895095825,2.5364999771118164,252004000
2003-11-19,2.4765000343322754,2.492500066757202,2.383500099182129,2.435499906539917,281580000
2003-11-20,2.442500114440918,2.5230000019073486,2.4170000553131104,2.4549999237060547,246752000
2003-11-21,2.428999900817871,2.4600000381469727,2.388000011444092,2.450000047683716,183868000
2003-11-24,2.566499948501587,2.572499990463257,2.432499885559082,2.4639999866485596,212630000
2003-11-25,2.623500108718872,2.6649999618530273,2.5625,2.567500114440918,275426000
2003-11-26,2.6480000019073486,2.677000045776367,2.5934998989105225,2.6414999961853027,178154000
2003-11-28,2.698499917984009,2.703000068664551,2.6414999961853027,2.6419999599456787,79660000
2003-12-01,2.7325000762939453,2.737499952316284,2.6524999141693115,2.7200000286102295,230456000
2003-12-02,2.696500062942505,2.737499952316284,2.692500114440918,2.7249999046325684,124758000
2003-12-03,2.575500011444092,2.7125000953674316,2.568000078201294,2.7049999237060547,231416000
2003-12-04,2.5899999141693115,2.621500015258789,2.5374999046325684,2.572499990463257,204324000
2003-12-05,2.578000068664551,2.634999990463257,2.559999942779541,2.559999942779541,150030000
2003-12-08,2.553999900817871,2.609999895095825,2.50600004196167,2.577500104904175,167528000
2003-12-09,2.4670000076293945,2.5824999809265137,2.4649999141693115,2.558500051498413,209210000
2003-12-10,2.4600000381469727,2.508500099182129,2.4154999256134033,2.4725000858306885,185092000
2003-12-11,2.5399999618530273,2.557499885559082,2.4595000743865967,2.4630000591278076,188110000
2003-12-12,2.549499988555908,2.565500020980835,2.496000051498413,2.549499988555908,123812000
2003-12-15,2.5204999446868896,2.612499952316284,2.502500057220459,2.6024999618530273,193536000
2003-12-16,2.4749999046325684,2.490000009536743,2.43149995803833,2.4800000190734863,210996000
2003-12-17,2.378999948501587,2.4804999828338623,2.3499999046325684,2.4735000133514404,277136000
2003-12-18,2.4375,2.444499969482422,2.372499942779541,2.380500078201294,215014000
2003-12-19,2.4619998931884766,2.4704999923706055,2.4130001068115234,2.440000057220459,160918000
2003-12-22,2.494499921798706,2.505000114440918,2.434999942779541,2.4489998817443848,155994000
2003-12-23,2.624000072479248,2.63100004196167,2.4885001182556152,2.500999927520752,220080000
2003-12-24,2.6659998893737793,2.694000005722046,2.6075000762939453,2.615000009536743,113196000
2003-12-26,2.6735000610351562,2.746999979019165,2.6570000648498535,2.7070000171661377,141568000
2003-12-29,2.6735000610351562,2.691999912261963,2.6064999103546143,2.689500093460083,161138000
2003-12-30,2.6414999961853027,2.674999952316284,2.630000114440918,2.6589999198913574,103048000
2003-12-31,2.63100004196167,2.6740000247955322,2.619999885559082,2.6410000324249268,106144000
2004-01-02,2.5950000286102295,2.6565001010894775,2.571500062942505,2.638000011444092,132798000
2004-01-05,2.6635000705718994,2.680000066757202,2.56850004196167,2.5999999046325684,225682000
2004-01-06,2.6514999866485596,2.674999952316284,2.63700008392334,2.6554999351501465,119710000
2004-01-07,2.5950000286102295,2.632999897003174,2.546999931335449,2.6089999675750732,184854000
2004-01-08,2.51200008392334,2.6050000190734863,2.501499891281128,2.6045000553131104,206406000
2004-01-09,2.5794999599456787,2.6075000762939453,2.4549999237060547,2.4885001182556152,255584000
2004-01-12,2.6475000381469727,2.6514999866485596,2.5399999618530273,2.5804998874664307,189018000
2004-01-13,2.745500087738037,2.749500036239624,2.620500087738037,2.633500099182129,290446000
2004-01-14,2.7899999618530273,2.799499988555908,2.7074999809265137,2.7309999465942383,222682000
2004-01-15,2.809000015258789,2.8389999866485596,2.7309999465942383,2.7365000247955322,244346000
2004-01-16,2.7860000133514404,2.81850004196167,2.7634999752044678,2.813499927520752,182284000
2004-01-20,2.8304998874664307,2.8420000076293945,2.7704999446868896,2.7785000801086426,154968000
2004-01-21,2.809999942779541,2.8469998836517334,2.7820000648498535,2.808000087738037,135672000
2004-01-22,2.8589999675750732,2.8910000324249268,2.812000036239624,2.8405001163482666,213444000
2004-01-23,2.8554999828338623,2.880500078201294,2.8310000896453857,2.8550000190734863,120780000
2004-01-26,2.8515000343322754,2.859999895095825,2.815000057220459,2.8399999141693115,111320000
2004-01-27,2.7869999408721924,2.88700008392334,2.7829999923706055,2.8364999294281006,259282000
2004-01-28,2.5980000495910645,2.7225000858306885,2.5810000896453857,2.681999921798706,431626000
2004-01-29,2.4609999656677246,2.6029999256134033,2.430000066757202,2.6019999980926514,449702000
2004-01-30,2.5199999809265137,2.56850004196167,2.4649999141693115,2.4744999408721924,228090000
2004-02-02,2.4135000705718994,2.5325000286102295,2.3975000381469727,2.5325000286102295,231778000
2004-02-03,2.246999979019165,2.4140000343322754,2.2260000705718994,2.4094998836517334,541428000
2004-02-04,2.2695000171661377,2.2955000400543213,2.2149999141693115,2.240499973297119,432014000
2004-02-05,2.302000045776367,2.3545000553131104,2.2950000762939453,2.301500082015991,263790000
2004-02-06,2.317500114440918,2.3364999294281006,2.2755000591278076,2.305500030517578,130162000
2004-02-09,2.2929999828338623,2.3399999141693115,2.2850000858306885,2.3375000953674316,122922000
2004-02-10,2.2795000076293945,2.3125,2.2755000591278076,2.2925000190734863,98980000
2004-02-11,2.3570001125335693,2.368000030517578,2.2769999504089355,2.2929999828338623,157634000
2004-02-12,2.3529999256134033,2.4049999713897705,2.3355000019073486,2.3464999198913574,135144000
2004-02-13,2.319000005722046,2.384999990463257,2.312000036239624,2.364500045776367,108634000
2004-02-17,2.2764999866485596,2.322499990463257,2.240000009536743,2.306999921798706,220764000
2004-02-18,2.243499994277954,2.2685000896453857,2.2320001125335693,2.2679998874664307,159070000
2004-02-19,2.2325000762939453,2.308000087738037,2.2325000762939453,2.257499933242798,148850000
2004-02-20,2.258500099182129,2.2690000534057617,2.2365000247955322,2.240000009536743,149506000
2004-02-23,2.198499917984009,2.262500047683716,2.1675000190734863,2.259000062942505,186838000
2004-02-24,2.115999937057495,2.197000026702881,2.1115000247955322,2.196000099182129,221906000
2004-02-25,2.1470000743865967,2.1644999980926514,2.125,2.125,143056000
2004-02-26,2.182499885559082,2.192500114440918,2.1500000953674316,2.1600000858306885,119206000
2004-02-27,2.1505000591278076,2.180000066757202,2.125999927520752,2.178499937057495,143272000
2004-03-01,2.1484999656677246,2.1740000247955322,2.128999948501587,2.1510000228881836,99190000
2004-03-02,2.1005001068115234,2.174499988555908,2.0929999351501465,2.1364998817443848,139332000
2004-03-03,2.1584999561309814,2.1689999103546143,2.0824999809265137,2.0929999351501465,192032000
2004-03-04,2.2195000648498535,2.2235000133514404,2.1549999713897705,2.1559998989105225,147602000
2004-03-05,2.2044999599456787,2.241499900817871,2.176500082015991,2.189500093460083,128530000
2004-03-08,2.174999952316284,2.253000020980835,2.1565001010894775,2.197999954223633,132170000
2004-03-09,2.135499954223633,2.194499969482422,2.1135001182556152,2.1710000038146973,131862000
2004-03-10,2.077500104904175,2.1600000858306885,2.072999954223633,2.135999917984009,138654000
2004-03-11,2.063999891281128,2.118499994277954,2.052000045776367,2.054500102996826,140852000
2004-03-12,2.121999979019165,2.130500078201294,2.065000057220459,2.067500114440918,124476000
2004-03-15,2.053999900817871,2.140000104904175,2.0460000038146973,2.11299991607666,132244000
2004-03-16,2.1064999103546143,2.118000030517578,2.062999963760376,2.064500093460083,124364000
2004-03-17,2.140000104904175,2.172499895095825,2.129499912261963,2.1519999504089355,102146000
2004-03-18,2.1505000591278076,2.1600000858306885,2.1105000972747803,2.126499891281128,114486000
2004-03-19,2.140000104904175,2.1875,2.131500005722046,2.1514999866485596,115098000
2004-03-22,2.0425000190734863,2.0924999713897705,2.0255000591278076,2.0875000953674316,179502000
2004-03-23,2.0114998817443848,2.0869998931884766,1.9924999475479126,2.065999984741211,224514000
2004-03-24,1.9815000295639038,2.0190000534057617,1.9574999809265137,2.015500068664551,157518000
2004-03-25,2.0994999408721924,2.109999895095825,2.0,2.0,142254000
2004-03-26,2.0850000381469727,2.124500036239624,2.064500093460083,2.1005001068115234,114808000
2004-03-29,2.138000011444092,2.140000104904175,2.0985000133514404,2.0985000133514404,111220000
2004-03-30,2.190000057220459,2.196500062942505,2.128000020980835,2.135499954223633,109058000
2004-03-31,2.1640000343322754,2.200000047683716,2.1475000381469727,2.192500114440918,93498000
2004-04-01,2.236999988555908,2.242000102996826,2.1649999618530273,2.172499895095825,130170000
2004-04-02,2.304500102996826,2.3125,2.262500047683716,2.299999952316284,162962000
2004-04-05,2.3480000495910645,2.3545000553131104,2.2795000076293945,2.2834999561309814,118782000
2004-04-06,2.322000026702881,2.3485000133514404,2.2874999046325684,2.315500020980835,118326000
2004-04-07,2.2925000190734863,2.3399999141693115,2.2695000171661377,2.309999942779541,91012000
2004-04-08,2.4049999713897705,2.4075000286102295,2.3499999046325684,2.3919999599456787,177594000
2004-04-12,2.3980000019073486,2.4184999465942383,2.378499984741211,2.4079999923706055,86918000
2004-04-13,2.3289999961853027,2.4170000553131104,2.318000078201294,2.3994998931884766,114488000
2004-04-14,2.3394999504089355,2.382999897003174,2.2990000247955322,2.303999900817871,122882000
2004-04-15,2.3494999408721924,2.380000114440918,2.299999952316284,2.3489999771118164,112070000
2004-04-16,2.2750000953674316,2.3550000190734863,2.2664999961853027,2.3524999618530273,167870000
2004-04-19,2.3554999828338623,2.3635001182556152,2.25600004196167,2.2674999237060547,107050000
2004-04-20,2.259999990463257,2.390500068664551,2.259000062942505,2.382999897003174,187522000
2004-04-21,2.2860000133514404,2.32450008392334,2.245500087738037,2.259999990463257,121084000
2004-04-22,2.443000078201294,2.4549999237060547,2.2945001125335693,2.297499895095825,315964000
2004-04-23,2.314500093460083,2.3445000648498535,2.2755000591278076,2.299999952316284,291988000
2004-04-26,2.362499952316284,2.388000011444092,2.307499885559082,2.316499948501587,146284000
2004-04-27,2.4000000953674316,2.440000057220459,2.3394999504089355,2.379499912261963,179674000
2004-04-28,2.3485000133514404,2.4175000190734863,2.3320000171661377,2.38100004196167,122552000
2004-04-29,2.309499979019165,2.3540000915527344,2.2755000591278076,2.3450000286102295,180714000
2004-04-30,2.180000066757202,2.317500114440918,2.1654999256134033,2.302999973297119,196826000
2004-05-03,2.2204999923706055,2.257499933242798,2.1705000400543213,2.1740000247955322,138468000
2004-05-04,2.197499990463257,2.2284998893737793,2.184999942779541,2.2204999923706055,145778000
2004-05-05,2.2130000591278076,2.252500057220459,2.197499990463257,2.1989998817443848,97810000
2004-05-06,2.1570000648498535,2.2125000953674316,2.1384999752044678,2.179500102996826,156368000
2004-05-07,2.0950000286102295,2.2090001106262207,2.0840001106262207,2.1480000019073486,185852000
2004-05-10,2.062999963760376,2.1075000762939453,2.0285000801086426,2.061500072479248,204180000
2004-05-11,2.134999990463257,2.1519999504089355,2.0950000286102295,2.0959999561309814,151912000
2004-05-12,2.1510000228881836,2.1575000286102295,2.0625,2.117000102996826,149724000
2004-05-13,2.180500030517578,2.2065000534057617,2.112499952316284,2.122999906539917,165224000
2004-05-14,2.1524999141693115,2.196000099182129,2.138000011444092,2.184999942779541,102532000
2004-05-17,2.1040000915527344,2.129499912261963,2.0850000381469727,2.111999988555908,132514000
2004-05-18,2.0994999408721924,2.119999885559082,2.0915000438690186,2.109999895095825,112040000
2004-05-19,2.0845000743865967,2.1635000705718994,2.073499917984009,2.11899995803833,147588000
2004-05-20,2.0490000247955322,2.0985000133514404,2.0399999618530273,2.0824999809265137,118526000
2004-05-21,2.058500051498413,2.0739998817443848,2.0274999141693115,2.063499927520752,105458000
2004-05-24,2.0815000534057617,2.115000009536743,2.058500051498413,2.064500093460083,101478000
2004-05-25,2.180999994277954,2.193000078201294,2.069499969482422,2.0875000953674316,144440000
2004-05-26,2.234499931335449,2.25,2.183500051498413,2.193000078201294,147952000
2004-05-27,2.38100004196167,2.3914999961853027,2.242500066757202,2.2634999752044678,283504000
2004-05-28,2.424999952316284,2.434000015258789,2.3440001010894775,2.3635001182556152,212582000
2004-06-01,2.5114998817443848,2.5225000381469727,2.384999990463257,2.3935000896453857,258806000
2004-06-02,2.5174999237060547,2.560499906539917,2.4885001182556152,2.5244998931884766,249470000
2004-06-03,2.4700000286102295,2.5174999237060547,2.4660000801086426,2.492500066757202,166828000
2004-06-04,2.547499895095825,2.575500011444092,2.5,2.502500057220459,251712000
2004-06-07,2.5880000591278076,2.5994999408721924,2.5325000286102295,2.5845000743865967,153760000
2004-06-08,2.5969998836517334,2.6059999465942383,2.555000066757202,2.565000057220459,119894000
2004-06-09,2.51200008392334,2.5915000438690186,2.500499963760376,2.5810000896453857,131588000
2004-06-10,2.496999979019165,2.5234999656677246,2.4630000591278076,2.5199999809265137,144180000
2004-06-14,2.4625000953674316,2.499500036239624,2.4519999027252197,2.4670000076293945,103618000
2004-06-15,2.505500078201294,2.5299999713897705,2.4744999408721924,2.4855000972747803,138250000
2004-06-16,2.5285000801086426,2.5374999046325684,2.495500087738037,2.504499912261963,81952000
2004-06-17,2.4885001182556152,2.5455000400543213,2.4704999923706055,2.5255000591278076,117510000
2004-06-18,2.4800000190734863,2.5139999389648438,2.4700000286102295,2.4719998836517334,88334000
2004-06-21,2.4885001182556152,2.515000104904175,2.4625000953674316,2.4725000858306885,89806000
2004-06-22,2.450000047683716,2.489500045776367,2.4119999408721924,2.4835000038146973,162410000
2004-06-23,2.5404999256134033,2.549999952316284,2.4175000190734863,2.438499927520752,151894000
2004-06-24,2.5510001182556152,2.5969998836517334,2.5344998836517334,2.549999952316284,135202000
2004-06-25,2.5899999141693115,2.5964999198913574,2.5434999465942383,2.552500009536743,139962000
2004-06-28,2.6695001125335693,2.7019999027252197,2.609999895095825,2.61899995803833,230078000
2004-06-29,2.685499906539917,2.697000026702881,2.632499933242798,2.6610000133514404,171788000
2004-06-30,2.7200000286102295,2.734999895095825,2.6710000038146973,2.680500030517578,137982000
2004-07-01,2.628000020980835,2.7019999027252197,2.6024999618530273,2.690000057220459,144238000
2004-07-02,2.629499912261963,2.6619999408721924,2.5915000438690186,2.63100004196167,97248000
2004-07-06,2.562000036239624,2.630000114440918,2.5244998931884766,2.627500057220459,123138000
2004-07-07,2.549999952316284,2.6015000343322754,2.51200008392334,2.5394999980926514,130312000
2004-07-08,2.4749999046325684,2.498500108718872,2.4235000610351562,2.42549991607666,200678000
2004-07-09,2.4159998893737793,2.5,2.3910000324249268,2.493499994277954,160670000
2004-07-12,2.452500104904175,2.4674999713897705,2.4014999866485596,2.4110000133514404,141338000
2004-07-13,2.4800000190734863,2.499000072479248,2.44350004196167,2.4554998874664307,98176000
2004-07-14,2.4749999046325684,2.5199999809265137,2.444499969482422,2.447499990463257,101312000
2004-07-15,2.433500051498413,2.4835000038146973,2.4059998989105225,2.4755001068115234,104882000
2004-07-16,2.3550000190734863,2.453000068664551,2.3389999866485596,2.44950008392334,185738000
2004-07-19,2.3010001182556152,2.36299991607666,2.257499933242798,2.36299991607666,196942000
2004-07-20,2.3494999408721924,2.3924999237060547,2.305999994277954,2.306999921798706,152526000
2004-07-21,2.23799991607666,2.380000114440918,2.2260000705718994,2.365999937057495,186730000
2004-07-22,2.2909998893737793,2.303499937057495,2.181999921798706,2.185499906539917,327820000
2004-07-23,1.9989999532699585,2.138000011444092,1.9780000448226929,2.123500108718872,718544000
2004-07-26,1.9390000104904175,2.01200008392334,1.9164999723434448,2.0114998817443848,279448000
2004-07-27,1.9555000066757202,1.9954999685287476,1.940000057220459,1.9600000381469727,210698000
2004-07-28,1.8984999656677246,1.9785000085830688,1.86899995803833,1.9644999504089355,203672000
2004-07-29,1.9290000200271606,1.9479999542236328,1.9010000228881836,1.9155000448226929,164000000
2004-07-30,1.9459999799728394,1.9709999561309814,1.9114999771118164,1.9249999523162842,120630000
2004-08-02,1.9149999618530273,1.937999963760376,1.8904999494552612,1.9225000143051147,118244000
2004-08-03,1.8804999589920044,1.9539999961853027,1.8615000247955322,1.9160000085830688,155712000
2004-08-04,1.8559999465942383,1.8730000257492065,1.8200000524520874,1.840999960899353,195312000
2004-08-05,1.780500054359436,1.8739999532699585,1.7690000534057617,1.8704999685287476,168048000
2004-08-06,1.7745000123977661,1.8335000276565552,1.7424999475479126,1.7625000476837158,230262000
2004-08-09,1.7660000324249268,1.815000057220459,1.7424999475479126,1.7669999599456787,183344000
2004-08-10,1.8550000190734863,1.8600000143051147,1.777500033378601,1.784500002861023,201408000
2004-08-11,1.8279999494552612,1.8450000286102295,1.7799999713897705,1.8200000524520874,188962000
2004-08-12,1.8144999742507935,1.8674999475479126,1.808500051498413,1.8125,182362000
2004-08-13,1.80649995803833,1.850000023841858,1.7934999465942383,1.8279999494552612,99622000
2004-08-16,1.8975000381469727,1.9199999570846558,1.7990000247955322,1.8070000410079956,163286000
2004-08-17,1.9114999771118164,1.972000002861023,1.8949999809265137,1.9285000562667847,223260000
2004-08-18,1.968000054359436,1.9769999980926514,1.871000051498413,1.8960000276565552,190996000
2004-08-19,1.93149995803833,2.0239999294281006,1.8174999952316284,2.013000011444092,253922000
2004-08-20,1.9754999876022339,1.9954999685287476,1.905500054359436,1.9229999780654907,135816000
2004-08-23,1.972499966621399,2.0,1.9555000066757202,1.9945000410079956,110652000
2004-08-24,1.9524999856948853,1.996500015258789,1.9160000085830688,1.9859999418258667,152808000
2004-08-25,2.015000104904175,2.0244998931884766,1.9079999923706055,1.9529999494552612,145096000
2004-08-26,2.009500026702881,2.0415000915527344,1.9850000143051147,2.009000062942505,139434000
2004-08-27,1.9950000047683716,2.0195000171661377,1.9800000190734863,2.0160000324249268,84808000
2004-08-30,1.9155000448226929,1.997499942779541,1.912500023841858,1.99399995803833,154230000
2004-08-31,1.906999945640564,1.9424999952316284,1.8930000066757202,1.9190000295639038,122864000
2004-09-01,1.9119999408721924,1.9505000114440918,1.9010000228881836,1.9114999771118164,105050000
2004-09-02,1.9589999914169312,1.9819999933242798,1.8954999446868896,1.9019999504089355,114446000
2004-09-03,1.937000036239624,2.000499963760376,1.9320000410079956,1.9505000114440918,104578000
2004-09-07,1.9255000352859497,1.968000054359436,1.905500054359436,1.9574999809265137,116660000
2004-09-08,1.9005000591278076,1.940500020980835,1.8854999542236328,1.9244999885559082,132226000
2004-09-09,1.903499960899353,1.9155000448226929,1.8680000305175781,1.9119999408721924,139134000
2004-09-10,1.9285000562667847,1.940000057220459,1.8949999809265137,1.906499981880188,92690000
2004-09-13,2.000499963760376,2.002000093460083,1.940999984741211,1.9565000534057617,161304000
2004-09-14,2.133500099182129,2.137500047683716,1.9950000047683716,2.009999990463257,317442000
2004-09-15,2.1105000972747803,2.1589999198913574,2.0934998989105225,2.1024999618530273,222716000
2004-09-16,2.128499984741211,2.2139999866485596,2.117500066757202,2.119499921798706,231932000
2004-09-17,2.1480000019073486,2.1630001068115234,2.119499921798706,2.1424999237060547,157684000
2004-09-20,2.1635000705718994,2.19950008392334,2.130500078201294,2.135499954223633,184448000
2004-09-21,2.1644999980926514,2.188499927520752,2.1384999752044678,2.178499937057495,133910000
2004-09-22,2.069000005722046,2.1619999408721924,2.058500051498413,2.1575000286102295,244336000
2004-09-23,2.0915000438690186,2.109999895095825,2.055500030517578,2.066499948501587,148220000
2004-09-24,2.046999931335449,2.0954999923706055,2.0425000190734863,2.0905001163482666,124114000
2004-09-27,1.996500015258789,2.05049991607666,1.9874999523162842,2.0455000400543213,167948000
2004-09-28,1.971500039100647,2.0164999961853027,1.9485000371932983,2.007499933242798,238058000
2004-09-29,2.0420000553131104,2.0460000038146973,1.968000054359436,1.972499966621399,198376000
2004-09-30,2.0429999828338623,2.063999891281128,2.010499954223633,2.0274999141693115,188266000
2004-10-01,2.0234999656677246,2.065000057220459,2.0195000171661377,2.064500093460083,225378000
2004-10-04,2.05049991607666,2.0840001106262207,2.0369999408721924,2.068000078201294,175852000
2004-10-05,2.0480000972747803,2.0625,2.0285000801086426,2.0420000553131104,102680000
2004-10-06,2.068000078201294,2.070499897003174,2.0199999809265137,2.0364999771118164,102562000
2004-10-07,2.057499885559082,2.134999990463257,2.0425000190734863,2.071000099182129,187888000
2004-10-08,2.0,2.059499979019165,1.9815000295639038,2.046999931335449,170924000
2004-10-11,2.007499933242798,2.0374999046325684,1.9704999923706055,1.9915000200271606,158566000
2004-10-12,2.010999917984009,2.0290000438690186,1.9735000133514404,1.9774999618530273,128420000
2004-10-13,1.9989999532699585,2.077500104904175,1.9874999523162842,2.071000099182129,184404000
2004-10-14,1.9550000429153442,1.9774999618530273,1.9364999532699585,1.972499966621399,180524000
2004-10-15,1.9275000095367432,1.9835000038146973,1.8940000534057617,1.9644999504089355,164112000
2004-10-18,1.9635000228881836,1.9735000133514404,1.8945000171661377,1.9114999771118164,161864000
2004-10-19,1.9164999723434448,1.9924999475479126,1.9084999561309814,1.9869999885559082,176052000
2004-10-20,1.9175000190734863,1.9294999837875366,1.8895000219345093,1.905500054359436,135970000
2004-10-21,1.9735000133514404,2.009500026702881,1.9249999523162842,1.965000033378601,384342000
2004-10-22,1.7300000190734863,1.840000033378601,1.649999976158142,1.8109999895095825,670886000
2004-10-25,1.6985000371932983,1.7204999923706055,1.6859999895095825,1.7000000476837158,210636000
2004-10-26,1.691499948501587,1.7130000591278076,1.6755000352859497,1.7074999809265137,194850000
2004-10-27,1.7115000486373901,1.7315000295639038,1.680999994277954,1.68149995803833,181214000
2004-10-28,1.722499966621399,1.7384999990463257,1.7070000171661377,1.7120000123977661,144412000
2004-10-29,1.7065000534057617,1.722499966621399,1.7000000476837158,1.718000054359436,129832000
2004-11-01,1.7549999952316284,1.7575000524520874,1.7074999809265137,1.7109999656677246,123626000
2004-11-02,1.812000036239624,1.8244999647140503,1.7569999694824219,1.7745000123977661,226650000
2004-11-03,1.7960000038146973,1.88100004196167,1.777999997138977,1.8589999675750732,204164000
2004-11-04,1.8454999923706055,1.8645000457763672,1.7760000228881836,1.784999966621399,152006000
2004-11-05,1.8279999494552612,1.8695000410079956,1.8009999990463257,1.8650000095367432,147982000
2004-11-08,1.8660000562667847,1.878999948501587,1.8359999656677246,1.837499976158142,137730000
2004-11-09,1.8700000047683716,1.8904999494552612,1.8350000381469727,1.8589999675750732,129598000
2004-11-10,1.9045000076293945,1.9420000314712524,1.8914999961853027,1.899999976158142,213104000
2004-11-11,1.941499948501587,1.9500000476837158,1.8819999694824219,1.9045000076293945,136700000
2004-11-12,2.0230000019073486,2.046999931335449,1.9500000476837158,1.9524999856948853,231920000
2004-11-15,2.0445001125335693,2.075000047683716,2.009000062942505,2.0230000019073486,207324000
2004-11-16,2.003499984741211,2.0329999923706055,1.9874999523162842,2.0250000953674316,128026000
2004-11-17,1.9950000047683716,2.0295000076293945,1.9769999980926514,2.0199999809265137,136872000
2004-11-18,2.0185000896453857,2.0480000972747803,1.9795000553131104,1.9865000247955322,136136000
2004-11-19,1.9275000095367432,1.972000002861023,1.909500002861023,1.9574999809265137,228550000
2004-11-22,1.902500033378601,1.9264999628067017,1.878999948501587,1.9220000505447388,177372000
2004-11-23,1.9155000448226929,1.9839999675750732,1.9014999866485596,1.909000039100647,148112000
2004-11-24,1.9375,1.9579999446868896,1.9049999713897705,1.94350004196167,118818000
2004-11-26,1.9544999599456787,1.9670000076293945,1.9444999694824219,1.9474999904632568,46754000
2004-11-29,1.9470000267028809,1.9809999465942383,1.8854999542236328,1.9800000190734863,197482000
2004-11-30,1.9839999675750732,1.9900000095367432,1.9474999904632568,1.9485000371932983,140572000
2004-12-01,1.9989999532699585,2.0,1.962499976158142,2.0,155120000
2004-12-02,2.008500099182129,2.0369999408721924,1.9639999866485596,1.9819999933242798,132018000
2004-12-03,2.004499912261963,2.0230000019073486,1.9769999980926514,2.0179998874664307,164954000
2004-12-06,1.9744999408721924,1.9989999532699585,1.9574999809265137,1.9865000247955322,121760000
2004-12-07,1.909999966621399,1.9874999523162842,1.902500033378601,1.972499966621399,141868000
2004-12-08,1.9359999895095825,1.9550000429153442,1.8995000123977661,1.9160000085830688,128434000
2004-12-09,1.9910000562667847,1.997499942779541,1.9084999561309814,1.9199999570846558,148934000
2004-12-10,1.9524999856948853,2.005000114440918,1.9500000476837158,1.9769999980926514,110214000
2004-12-13,1.9915000200271606,2.0139999389648438,1.940999984741211,1.9665000438690186,121042000
2004-12-14,2.0220000743865967,2.0234999656677246,1.996999979019165,2.007499933242798,105030000
2004-12-15,2.049999952316284,2.049999952316284,2.010499954223633,2.0169999599456787,133484000
2004-12-16,2.002500057220459,2.049999952316284,1.9854999780654907,2.0429999828338623,108298000
2004-12-17,2.000499963760376,2.010999917984009,1.993499994277954,2.007999897003174,109720000
2004-12-20,1.9474999904632568,2.0244998931884766,1.940500020980835,1.996500015258789,144314000
2004-12-21,1.969499945640564,1.9709999561309814,1.9320000410079956,1.9420000314712524,104588000
2004-12-22,1.9759999513626099,1.9795000553131104,1.9275000095367432,1.9305000305175781,105526000
2004-12-23,1.9464999437332153,1.9759999513626099,1.9459999799728394,1.9670000076293945,64136000
2004-12-27,2.112499952316284,2.1465001106262207,1.9735000133514404,1.9759999513626099,445784000
2004-12-28,2.2314999103546143,2.25600004196167,2.174999952316284,2.194999933242798,504756000
2004-12-29,2.240999937057495,2.2839999198913574,2.2219998836517334,2.237499952316284,235184000
2004-12-30,2.248500108718872,2.2764999866485596,2.2274999618530273,2.25,139318000
2004-12-31,2.2144999504089355,2.2744998931884766,2.2079999446868896,2.256500005722046,95814000
2005-01-03,2.2260000705718994,2.2720000743865967,2.2105000019073486,2.247499942779541,208930000
2005-01-04,2.1070001125335693,2.1630001068115234,2.075000047683716,2.133500099182129,388370000
2005-01-05,2.0885000228881836,2.138000011444092,2.078000068664551,2.0785000324249268,167084000
2005-01-06,2.052500009536743,2.112499952316284,2.0450000762939453,2.0905001163482666,174018000
2005-01-07,2.115999937057495,2.134500026702881,2.058000087738037,2.069000005722046,196732000
2005-01-10,2.0920000076293945,2.1480000019073486,2.0855000019073486,2.0969998836517334,146958000
2005-01-11,2.0820000171661377,2.1080000400543213,2.05049991607666,2.069999933242798,158406000
2005-01-12,2.115000009536743,2.124000072479248,2.0409998893737793,2.07450008392334,161446000
2005-01-13,2.130000114440918,2.2290000915527344,2.117000102996826,2.122499942779541,347872000
2005-01-14,2.2274999618530273,2.2330000400543213,2.118000030517578,2.1449999809265137,250660000
2005-01-18,2.2290000915527344,2.25,2.2074999809265137,2.2144999504089355,142632000
2005-01-19,2.197999954223633,2.236999988555908,2.1714999675750732,2.2235000133514404,147934000
2005-01-20,2.118000030517578,2.197999954223633,2.0820000171661377,2.0855000019073486,256612000
2005-01-21,2.058000087738037,2.127500057220459,2.0510001182556152,2.0994999408721924,212054000
2005-01-24,2.0190000534057617,2.0975000858306885,2.015500068664551,2.072000026702881,193918000
2005-01-25,2.046999931335449,2.072000026702881,2.0225000381469727,2.0320000648498535,180558000
2005-01-26,2.066999912261963,2.0899999141693115,2.013000011444092,2.059000015258789,154298000
2005-01-27,2.115499973297119,2.119999885559082,2.056999921798706,2.063499927520752,160768000
2005-01-28,2.1110000610351562,2.1500000953674316,2.0764999389648438,2.1045000553131104,123048000
2005-01-31,2.1610000133514404,2.1710000038146973,2.121500015258789,2.121999979019165,126406000
2005-02-01,2.124000072479248,2.1635000705718994,2.11899995803833,2.1500000953674316,135230000
2005-02-02,2.0940001010894775,2.177000045776367,2.0429999828338623,2.1524999141693115,526472000
2005-02-03,1.787500023841858,1.7944999933242798,1.7265000343322754,1.7450000047683716,1210372000
2005-02-04,1.7860000133514404,1.7990000247955322,1.7595000267028809,1.7825000286102295,346094000
2005-02-07,1.784500002861023,1.7920000553131104,1.777500033378601,1.7910000085830688,142248000
2005-02-08,1.815000057220459,1.8259999752044678,1.7764999866485596,1.7769999504089355,192050000
2005-02-09,1.7944999933242798,1.840000033378601,1.7934999465942383,1.8224999904632568,158776000
2005-02-10,1.7890000343322754,1.8055000305175781,1.7764999866485596,1.8035000562667847,159648000
2005-02-11,1.7890000343322754,1.7975000143051147,1.75,1.778499960899353,156834000
2005-02-14,1.8014999628067017,1.8315000534057617,1.774999976158142,1.7825000286102295,139662000
2005-02-15,1.8070000410079956,1.8224999904632568,1.787500023841858,1.8105000257492065,103554000
2005-02-16,1.7829999923706055,1.8174999952316284,1.7790000438690186,1.7964999675750732,104596000
2005-02-17,1.784500002861023,1.7925000190734863,1.7625000476837158,1.7869999408721924,105962000
2005-02-18,1.7654999494552612,1.787500023841858,1.7549999952316284,1.780500054359436,90594000
2005-02-22,1.7359999418258667,1.7695000171661377,1.7254999876022339,1.7510000467300415,137114000
2005-02-23,1.7070000171661377,1.7484999895095825,1.659999966621399,1.747499942779541,210008000
2005-02-24,1.7345000505447388,1.7424999475479126,1.6829999685287476,1.6829999685287476,167784000
2005-02-25,1.749500036239624,1.7615000009536743,1.7239999771118164,1.7359999418258667,117646000
2005-02-28,1.7589999437332153,1.7829999923706055,1.7335000038146973,1.7359999418258667,168458000
2005-03-01,1.7695000171661377,1.7704999446868896,1.7410000562667847,1.753000020980835,116380000
2005-03-02,1.774999976158142,1.7964999675750732,1.753499984741211,1.7695000171661377,97434000
2005-03-03,1.7825000286102295,1.7979999780654907,1.7699999809265137,1.774999976158142,100512000
2005-03-04,1.7925000190734863,1.815500020980835,1.784999966621399,1.7920000553131104,110914000
2005-03-07,1.815999984741211,1.8200000524520874,1.7905000448226929,1.7970000505447388,71718000
2005-03-08,1.7914999723434448,1.8214999437332153,1.787500023841858,1.815500020980835,95858000
2005-03-09,1.7699999809265137,1.7964999675750732,1.7450000047683716,1.7869999408721924,148246000
2005-03-10,1.7454999685287476,1.7855000495910645,1.7285000085830688,1.7654999494552612,117446000
2005-03-11,1.7374999523162842,1.743499994277954,1.7024999856948853,1.7404999732971191,160206000
2005-03-14,1.7300000190734863,1.7374999523162842,1.7000000476837158,1.7335000038146973,108670000
2005-03-15,1.7089999914169312,1.7424999475479126,1.6950000524520874,1.7289999723434448,101412000
2005-03-16,1.69350004196167,1.722000002861023,1.6799999475479126,1.694000005722046,107400000
2005-03-17,1.6985000371932983,1.722000002861023,1.6790000200271606,1.6790000200271606,97160000
2005-03-18,1.7079999446868896,1.7139999866485596,1.6825000047683716,1.7074999809265137,105894000
2005-03-21,1.683500051498413,1.7315000295639038,1.6770000457763672,1.7105000019073486,121688000
2005-03-22,1.6575000286102295,1.6970000267028809,1.653499960899353,1.684999942779541,109814000
2005-03-23,1.659000039100647,1.6920000314712524,1.6410000324249268,1.6545000076293945,126474000
2005-03-24,1.6440000534057617,1.694000005722046,1.6434999704360962,1.6699999570846558,106746000
2005-03-28,1.6694999933242798,1.6825000047683716,1.6510000228881836,1.6549999713897705,86532000
2005-03-29,1.6714999675750732,1.7074999809265137,1.6614999771118164,1.6640000343322754,122746000
2005-03-30,1.715999960899353,1.7259999513626099,1.6755000352859497,1.6794999837875366,106996000
2005-03-31,1.7135000228881836,1.7274999618530273,1.7000000476837158,1.7244999408721924,71086000
2005-04-01,1.7005000114440918,1.7354999780654907,1.6890000104904175,1.7315000295639038,100368000
2005-04-04,1.75,1.7589999437332153,1.690500020980835,1.7000000476837158,146844000
2005-04-05,1.7640000581741333,1.7669999599456787,1.749500036239624,1.7615000009536743,98660000
2005-04-06,1.7410000562667847,1.7599999904632568,1.7309999465942383,1.7549999952316284,105522000
2005-04-07,1.7450000047683716,1.746000051498413,1.725000023841858,1.7339999675750732,76146000
2005-04-08,1.7300000190734863,1.746500015258789,1.7285000085830688,1.7374999523162842,60260000
2005-04-11,1.7300000190734863,1.75,1.718000054359436,1.7300000190734863,65062000
2005-04-12,1.7315000295639038,1.7319999933242798,1.6829999685287476,1.7200000286102295,123944000
2005-04-13,1.715000033378601,1.7354999780654907,1.7074999809265137,1.7174999713897705,82502000
2005-04-14,1.6985000371932983,1.725000023841858,1.694000005722046,1.7130000591278076,83568000
2005-04-15,1.6510000228881836,1.7000000476837158,1.6510000228881836,1.6979999542236328,119700000
2005-04-18,1.649999976158142,1.6790000200271606,1.6419999599456787,1.6449999809265137,138340000
2005-04-19,1.6390000581741333,1.6684999465942383,1.6004999876022339,1.659000039100647,132388000
2005-04-20,1.662500023841858,1.687999963760376,1.6449999809265137,1.6549999713897705,184310000
2005-04-21,1.6864999532699585,1.6944999694824219,1.6445000171661377,1.6749999523162842,153894000
2005-04-22,1.6519999504089355,1.68149995803833,1.6454999446868896,1.6744999885559082,127840000
2005-04-25,1.6764999628067017,1.6794999837875366,1.652500033378601,1.656499981880188,84908000
2005-04-26,1.6354999542236328,1.6990000009536743,1.628999948501587,1.6714999675750732,279386000
2005-04-27,1.5859999656677246,1.5870000123977661,1.5299999713897705,1.5420000553131104,586258000
2005-04-28,1.6260000467300415,1.6460000276565552,1.5815000534057617,1.5829999446868896,289456000
2005-04-29,1.6180000305175781,1.6445000171661377,1.5759999752044678,1.6430000066757202,210470000
2005-05-02,1.6549999713897705,1.6640000343322754,1.6050000190734863,1.6150000095367432,181960000
2005-05-03,1.6605000495910645,1.6779999732971191,1.6445000171661377,1.6469999551773071,135558000
2005-05-04,1.6979999542236328,1.7059999704360962,1.6634999513626099,1.6675000190734863,155132000
2005-05-05,1.6979999542236328,1.7089999914169312,1.6794999837875366,1.6979999542236328,92338000
2005-05-06,1.7259999513626099,1.7345000505447388,1.7070000171661377,1.7120000123977661,134270000
2005-05-09,1.7319999933242798,1.7400000095367432,1.712499976158142,1.7200000286102295,88632000
2005-05-10,1.7115000486373901,1.7235000133514404,1.7009999752044678,1.7200000286102295,109500000
2005-05-11,1.690999984741211,1.7254999876022339,1.6825000047683716,1.715000033378601,120960000
2005-05-12,1.6924999952316284,1.7059999704360962,1.6775000095367432,1.684999942779541,120100000
2005-05-13,1.6950000524520874,1.7174999713897705,1.690000057220459,1.6994999647140503,79836000
2005-05-16,1.7269999980926514,1.7384999990463257,1.6959999799728394,1.7015000581741333,85614000
2005-05-17,1.7365000247955322,1.7410000562667847,1.7044999599456787,1.722499966621399,66314000
2005-05-18,1.7664999961853027,1.7984999418258667,1.7365000247955322,1.7404999732971191,191150000
2005-05-19,1.7795000076293945,1.7955000400543213,1.7664999961853027,1.7684999704360962,106870000
2005-05-20,1.774999976158142,1.7799999713897705,1.7480000257492065,1.7725000381469727,100856000
2005-05-23,1.784000039100647,1.8009999990463257,1.7695000171661377,1.778499960899353,114028000
2005-05-24,1.7769999504089355,1.778499960899353,1.756500005722046,1.7740000486373901,118292000
2005-05-25,1.7625000476837158,1.7725000381469727,1.7595000267028809,1.7634999752044678,77458000
2005-05-26,1.7725000381469727,1.784000039100647,1.7584999799728394,1.7640000581741333,95742000
2005-05-27,1.774999976158142,1.777500033378601,1.7575000524520874,1.7610000371932983,65742000
2005-05-31,1.7755000591278076,1.8020000457763672,1.7645000219345093,1.7680000066757202,98604000
2005-06-01,1.8250000476837158,1.8494999408721924,1.7719999551773071,1.778499960899353,206404000
2005-06-02,1.8205000162124634,1.8454999923706055,1.8105000257492065,1.816499948501587,95366000
2005-06-03,1.7795000076293945,1.8250000476837158,1.7660000324249268,1.8229999542236328,96718000
2005-06-06,1.7884999513626099,1.8009999990463257,1.7740000486373901,1.7769999504089355,77630000
2005-06-07,1.7675000429153442,1.809999942779541,1.7645000219345093,1.7955000400543213,97696000
2005-06-08,1.7415000200271606,1.7740000486373901,1.7400000095367432,1.7699999809265137,106282000
2005-06-09,1.7599999904632568,1.7640000581741333,1.7200000286102295,1.746500015258789,77450000
2005-06-10,1.747499942779541,1.7645000219345093,1.7235000133514404,1.7625000476837158,69350000
2005-06-13,1.743499994277954,1.7704999446868896,1.7324999570846558,1.7335000038146973,78240000
2005-06-14,1.7519999742507935,1.7584999799728394,1.7395000457763672,1.7410000562667847,72688000
2005-06-15,1.7619999647140503,1.7704999446868896,1.7259999513626099,1.7669999599456787,103036000
2005-06-16,1.7790000438690186,1.7905000448226929,1.7580000162124634,1.7599999904632568,84110000
2005-06-17,1.7654999494552612,1.8035000562667847,1.7580000162124634,1.7944999933242798,96522000
2005-06-20,1.784500002861023,1.7984999418258667,1.7519999742507935,1.752500057220459,101946000
2005-06-21,1.7690000534057617,1.7905000448226929,1.7640000581741333,1.7799999713897705,89142000
2005-06-22,1.7610000371932983,1.7925000190734863,1.7569999694824219,1.774999976158142,50146000
2005-06-23,1.7714999914169312,1.777999997138977,1.7549999952316284,1.7569999694824219,106044000
2005-06-24,1.7510000467300415,1.7719999551773071,1.74399995803833,1.7649999856948853,73510000
2005-06-27,1.725000023841858,1.752500057220459,1.7085000276565552,1.7454999685287476,91126000
2005-06-28,1.6855000257492065,1.7315000295639038,1.6794999837875366,1.7300000190734863,140686000
2005-06-29,1.6675000190734863,1.7035000324249268,1.6634999513626099,1.684999942779541,96266000
2005-06-30,1.6545000076293945,1.6779999732971191,1.6464999914169312,1.6734999418258667,114314000
2005-07-01,1.6454999446868896,1.6634999513626099,1.6395000219345093,1.6619999408721924,58654000
2005-07-05,1.7039999961853027,1.7239999771118164,1.6725000143051147,1.6749999523162842,147676000
2005-07-06,1.7029999494552612,1.7200000286102295,1.6929999589920044,1.7005000114440918,87944000
2005-07-07,1.6979999542236328,1.7254999876022339,1.690000057220459,1.690000057220459,84858000
2005-07-08,1.7369999885559082,1.7374999523162842,1.6924999952316284,1.7055000066757202,85140000
2005-07-11,1.7795000076293945,1.784000039100647,1.7300000190734863,1.7359999418258667,103320000
2005-07-12,1.815500020980835,1.8270000219345093,1.7730000019073486,1.7745000123977661,117544000
2005-07-13,1.8255000114440918,1.8274999856948853,1.809499979019165,1.8135000467300415,64036000
2005-07-14,1.8595000505447388,1.871000051498413,1.843999981880188,1.8595000505447388,117266000
2005-07-15,1.8574999570846558,1.875,1.837499976158142,1.8674999475479126,104180000
2005-07-18,1.8595000505447388,1.8595000505447388,1.8380000591278076,1.847499966621399,59466000
2005-07-19,1.9084999561309814,1.9084999561309814,1.8344999551773071,1.86899995803833,116812000
2005-07-20,1.9084999561309814,1.912500023841858,1.8650000095367432,1.874500036239624,127368000
2005-07-21,1.8975000381469727,1.9874999523162842,1.8880000114440918,1.9479999542236328,221112000
2005-07-22,1.8975000381469727,1.9114999771118164,1.8619999885559082,1.8945000171661377,117422000
2005-07-25,1.8975000381469727,1.9520000219345093,1.8925000429153442,1.899999976158142,109400000
2005-07-26,1.8869999647140503,1.9375,1.8860000371932983,1.9110000133514404,295646000
2005-07-27,2.182499885559082,2.187000036239624,2.0920000076293945,2.1005001068115234,921512000
2005-07-28,2.2839999198913574,2.2904999256134033,2.1684999465942383,2.177000045776367,502830000
2005-07-29,2.257499933242798,2.2874999046325684,2.2304999828338623,2.265500068664551,209836000
2005-08-01,2.246500015258789,2.259500026702881,2.2174999713897705,2.24399995803833,142544000
2005-08-02,2.325500011444092,2.3485000133514404,2.24399995803833,2.244999885559082,216728000
2005-08-03,2.305500030517578,2.309000015258789,2.2920000553131104,2.30049991607666,96650000
2005-08-04,2.2730000019073486,2.2885000705718994,2.2709999084472656,2.2774999141693115,99544000
2005-08-05,2.2634999752044678,2.2855000495910645,2.258500099182129,2.262500047683716,99030000
2005-08-08,2.2829999923706055,2.2950000762939453,2.263000011444092,2.2660000324249268,89098000
2005-08-09,2.2964999675750732,2.322000026702881,2.2874999046325684,2.2880001068115234,91824000
2005-08-10,2.23799991607666,2.2785000801086426,2.2295000553131104,2.2695000171661377,198424000
2005-08-11,2.260499954223633,2.260499954223633,2.2249999046325684,2.2309999465942383,116844000
2005-08-12,2.2100000381469727,2.2860000133514404,2.202500104904175,2.2314999103546143,129482000
2005-08-15,2.252000093460083,2.2674999237060547,2.194000005722046,2.196500062942505,110502000
2005-08-16,2.2135000228881836,2.246999979019165,2.2100000381469727,2.244999885559082,72502000
2005-08-17,2.2060000896453857,2.2214999198913574,2.2060000896453857,2.2095000743865967,61008000
2005-08-18,2.186500072479248,2.194999933242798,2.17549991607666,2.194000005722046,72086000
2005-08-19,2.186000108718872,2.188499927520752,2.1665000915527344,2.180000066757202,66478000
2005-08-22,2.188499927520752,2.2135000228881836,2.1470000743865967,2.180500030517578,107482000
2005-08-23,2.1710000038146973,2.198499917984009,2.1610000133514404,2.187000036239624,70354000
2005-08-24,2.118499994277954,2.1659998893737793,2.1135001182556152,2.1659998893737793,117438000
2005-08-25,2.115499973297119,2.140000104904175,2.1040000915527344,2.127000093460083,61844000
2005-08-26,2.118499994277954,2.131500005722046,2.11299991607666,2.115000009536743,57214000
2005-08-29,2.1394999027252197,2.1500000953674316,2.0954999923706055,2.0954999923706055,73078000
2005-08-30,2.124500036239624,2.135499954223633,2.0980000495910645,2.119499921798706,77484000
2005-08-31,2.134999990463257,2.140500068664551,2.1019999980926514,2.121999979019165,67384000
2005-09-01,2.0920000076293945,2.1484999656677246,2.0875000953674316,2.125999927520752,88580000
2005-09-02,2.075500011444092,2.1024999618530273,2.052000045776367,2.0999999046325684,80542000
2005-09-06,2.180999994277954,2.182499885559082,2.075500011444092,2.077500104904175,158796000
2005-09-07,2.186500072479248,2.2149999141693115,2.172499895095825,2.174999952316284,122830000
2005-09-08,2.1480000019073486,2.174499988555908,2.1414999961853027,2.172499895095825,77684000
2005-09-09,2.1475000381469727,2.1600000858306885,2.140500068664551,2.1494998931884766,65774000
2005-09-12,2.2249999046325684,2.247999906539917,2.134500026702881,2.135999917984009,175588000
2005-09-13,2.196500062942505,2.2190001010894775,2.171999931335449,2.2084999084472656,90104000
2005-09-14,2.1549999713897705,2.2365000247955322,2.1410000324249268,2.194000005722046,126360000
2005-09-15,2.135499954223633,2.179500102996826,2.132499933242798,2.1600000858306885,91758000
2005-09-16,2.140000104904175,2.1459999084472656,2.1059999465942383,2.140000104904175,82234000
2005-09-19,2.137500047683716,2.1714999675750732,2.1085000038146973,2.131500005722046,68806000
2005-09-20,2.0934998989105225,2.1505000591278076,2.0885000228881836,2.132499933242798,69440000
2005-09-21,2.0625,2.131999969482422,2.0625,2.0924999713897705,106276000
2005-09-22,2.1040000915527344,2.1135001182556152,2.0250000953674316,2.059999942779541,116760000
2005-09-23,2.109499931335449,2.13100004196167,2.077500104904175,2.0985000133514404,62908000
2005-09-26,2.1670000553131104,2.1710000038146973,2.119999885559082,2.122499942779541,112328000
2005-09-27,2.1579999923706055,2.186500072479248,2.1410000324249268,2.1630001068115234,83470000
2005-09-28,2.1684999465942383,2.187000036239624,2.1494998931884766,2.1624999046325684,64794000
2005-09-29,2.239500045776367,2.240000009536743,2.1565001010894775,2.1689999103546143,127856000
2005-09-30,2.265000104904175,2.2920000553131104,2.2300000190734863,2.2325000762939453,121120000
2005-10-03,2.30049991607666,2.3294999599456787,2.257999897003174,2.2664999961853027,116584000
2005-10-04,2.246500015258789,2.305999994277954,2.2249999046325684,2.299999952316284,130430000
2005-10-05,2.2244999408721924,2.2644999027252197,2.194499969482422,2.245500087738037,129054000
2005-10-06,2.200500011444092,2.240499973297119,2.1665000915527344,2.2279999256134033,123858000
2005-10-07,2.186000108718872,2.2304999828338623,2.1689999103546143,2.2135000228881836,67850000
2005-10-10,2.187999963760376,2.2190001010894775,2.178999900817871,2.190999984741211,73606000
2005-10-11,2.1700000762939453,2.2160000801086426,2.1614999771118164,2.196000099182129,106036000
2005-10-12,2.127500057220459,2.184000015258789,2.121999979019165,2.1454999446868896,114084000
2005-10-13,2.13100004196167,2.1489999294281006,2.0950000286102295,2.121500015258789,76656000
2005-10-14,2.189500093460083,2.19350004196167,2.117000102996826,2.1500000953674316,91552000
2005-10-17,2.250999927520752,2.250999927520752,2.180999994277954,2.18149995803833,104500000
2005-10-18,2.2325000762939453,2.252500057220459,2.2149999141693115,2.246000051498413,89154000
2005-10-19,2.2929999828338623,2.2929999828338623,2.2139999866485596,2.2269999980926514,130570000
2005-10-20,2.250499963760376,2.303499937057495,2.2339999675750732,2.2950000762939453,118584000
2005-10-21,2.297499895095825,2.302500009536743,2.257499933242798,2.2834999561309814,92496000
2005-10-24,2.3464999198913574,2.3480000495910645,2.2929999828338623,2.305999994277954,109518000
2005-10-25,2.308500051498413,2.3499999046325684,2.302000045776367,2.3440001010894775,228774000
2005-10-26,1.9874999523162842,2.055000066757202,1.9739999771118164,2.049999952316284,602094000
2005-10-27,1.9529999494552612,1.9950000047683716,1.9429999589920044,1.9819999933242798,175406000
2005-10-28,1.9474999904632568,1.9824999570846558,1.9359999895095825,1.9774999618530273,123184000
2005-10-31,1.9930000305175781,2.0195000171661377,1.9559999704360962,1.9674999713897705,135612000
2005-11-01,2.0185000896453857,2.0369999408721924,1.9824999570846558,1.9984999895095825,107660000
2005-11-02,2.0374999046325684,2.061500072479248,1.9900000095367432,2.0144999027252197,97236000
2005-11-03,2.078000068664551,2.0999999046325684,2.0425000190734863,2.0445001125335693,140000000
2005-11-04,2.054500102996826,2.0899999141693115,2.0455000400543213,2.07450008392334,88908000
2005-11-07,2.069499969482422,2.073499917984009,2.0274999141693115,2.053999900817871,67722000
2005-11-08,2.0975000858306885,2.1054999828338623,2.051500082015991,2.066499948501587,99016000
2005-11-09,2.069999933242798,2.0999999046325684,2.063999891281128,2.0894999504089355,69432000
2005-11-10,2.1089999675750732,2.122499942779541,2.0429999828338623,2.073499917984009,111710000
2005-11-11,2.134000062942505,2.1519999504089355,2.112499952316284,2.118499994277954,79644000
2005-11-14,2.126499891281128,2.1500000953674316,2.117000102996826,2.125999927520752,62062000
2005-11-15,2.2225000858306885,2.2825000286102295,2.2214999198913574,2.2730000019073486,425558000
2005-11-16,2.265000104904175,2.2699999809265137,2.2119998931884766,2.2135000228881836,159340000
2005-11-17,2.3369998931884766,2.3380000591278076,2.2679998874664307,2.2715001106262207,233752000
2005-11-18,2.3989999294281006,2.4000000953674316,2.3329999446868896,2.3450000286102295,1186656000
2005-11-21,2.3994998931884766,2.4154999256134033,2.364000082015991,2.378499984741211,357398000
2005-11-22,2.442500114440918,2.450500011444092,2.367000102996826,2.375,259814000
2005-11-23,2.4119999408721924,2.447999954223633,2.4045000076293945,2.438499927520752,149664000
2005-11-25,2.4030001163482666,2.4240000247955322,2.38100004196167,2.4024999141693115,53916000
2005-11-28,2.4175000190734863,2.4560000896453857,2.38100004196167,2.4075000286102295,213418000
2005-11-29,2.427500009536743,2.4714999198913574,2.4059998989105225,2.4154999256134033,207688000
2005-11-30,2.4230000972747803,2.434000015258789,2.377500057220459,2.4240000247955322,158512000
2005-12-01,2.450000047683716,2.4700000286102295,2.43149995803833,2.444000005722046,157334000
2005-12-02,2.453000068664551,2.4765000343322754,2.4200000762939453,2.446000099182129,129032000
2005-12-05,2.441499948501587,2.4674999713897705,2.4375,2.443000078201294,105018000
2005-12-06,2.4630000591278076,2.494999885559082,2.453000068664551,2.453000068664551,191628000
2005-12-07,2.441499948501587,2.4735000133514404,2.4144999980926514,2.4655001163482666,135936000
2005-12-08,2.4175000190734863,2.4549999237060547,2.3929998874664307,2.441499948501587,142880000
2005-12-09,2.437000036239624,2.4519999027252197,2.4124999046325684,2.432499885559082,94180000
2005-12-12,2.4535000324249268,2.4649999141693115,2.431999921798706,2.4574999809265137,68486000
2005-12-13,2.4749999046325684,2.4835000038146973,2.4240000247955322,2.427000045776367,116256000
2005-12-14,2.4704999923706055,2.4800000190734863,2.439500093460083,2.4600000381469727,99318000
2005-12-15,2.4739999771118164,2.497499942779541,2.452500104904175,2.4749999046325684,116410000
2005-12-16,2.4605000019073486,2.496000051498413,2.4605000019073486,2.4700000286102295,112530000
2005-12-19,2.4184999465942383,2.5,2.4159998893737793,2.44950008392334,166174000
2005-12-20,2.4070000648498535,2.430000066757202,2.384000062942505,2.4230000972747803,110704000
2005-12-21,2.448499917984009,2.453000068664551,2.3889999389648438,2.4144999980926514,146450000
2005-12-22,2.4609999656677246,2.4639999866485596,2.4179999828338623,2.444999933242798,88436000
2005-12-23,2.4609999656677246,2.4695000648498535,2.436000108718872,2.4544999599456787,64130000
2005-12-27,2.427999973297119,2.4549999237060547,2.4179999828338623,2.444999933242798,116374000
2005-12-28,2.4030001163482666,2.427500009536743,2.3949999809265137,2.424499988555908,90636000
2005-12-29,2.3994998931884766,2.4230000972747803,2.3984999656677246,2.4065001010894775,63422000
2005-12-30,2.3575000762939453,2.4100000858306885,2.3570001125335693,2.3864998817443848,108022000
