Price,Close,High,Low,Open,Volume
Ticker,EBAY,EBAY,EBAY,EBAY,EBAY
Date,,,,,
1998-09-24,0.741981565952301,0.8496567169191659,0.6930377589853627,0.8379097241495531,518656090
1998-09-25,0.702826201915741,0.7224039391436604,0.6440949066223205,0.7126154963942203,121255834
1998-09-28,0.7556854486465454,0.7967976129161612,0.7204462757925097,0.7439393593492499,89772883
1998-09-29,0.7654738426208496,0.7870092269954,0.7478547085835067,0.7733045866040247,39289536
1998-09-30,0.7057627439498901,0.7517700054535777,0.6773763720378672,0.739044215535314,44113766
1998-10-01,0.6264748573303223,0.6773763663510428,0.6264748573303223,0.6675870720485212,44433101
1998-10-02,0.6264748573303223,0.6538832843854628,0.5481658262165489,0.6343056007425076,46816704
1998-10-05,0.5618696212768555,0.6127711309677156,0.5462081874793594,0.6127711309677156,33832339
1998-10-06,0.5716579556465149,0.5990663804207191,0.5011796738101482,0.5990663804207191,40270349
1998-10-07,0.4835607707500458,0.5579544856948093,0.4835607707500458,0.5481660393160538,35058355
1998-10-08,0.4541945457458496,0.45810994483739537,0.39546233501195066,0.4365745311873886,57172262
1998-10-09,0.48160287737846375,0.5050950540782541,0.4620251939886046,0.48160287737846375,38519712
1998-10-12,0.4933491051197052,0.5011798506431631,0.4933491051197052,0.5011798506431631,28198368
1998-10-13,0.460067480802536,0.4972643488143409,0.45810983495938046,0.4943278002000151,15430694
1998-10-14,0.4718136489391327,0.5031374782762226,0.45615221336822426,0.45615221336822426,30935520
1998-10-15,0.5109691619873047,0.5129268617316189,0.47181372980786446,0.47181372980786446,29144966
1998-10-16,0.5638271570205688,0.5716578450328086,0.5168419110530957,0.5227149536788002,43343942
1998-10-19,0.710658073425293,0.7204464660131281,0.5794898438461209,0.5814474904238389,78151392
1998-10-20,0.7282770872116089,0.8124600278066378,0.7087002521579218,0.7674316090481437,109292198
1998-10-21,0.7919033169746399,0.8065868050702463,0.7400230147054462,0.7674314401233185,65703053
1998-10-22,0.8075657486915588,0.8379098212496987,0.7713468748578278,0.8105022976002823,53323142
1998-10-23,0.7850515246391296,0.8183329982425133,0.7752631346230181,0.8085446082264017,32309798
1998-10-26,1.149190068244934,1.151147767598052,0.920135091750739,0.9397128305448872,389981434
1998-10-27,1.2921040058135986,1.4222933196852803,1.2568648946994283,1.276442521709209,571032634
1998-10-28,1.2529497146606445,1.327343347451793,1.1981328605503632,1.2216259957490072,254555136
1998-10-29,1.2509920597076416,1.2989562231854201,1.2490344669432787,1.2725274965060054,81150854
1998-10-30,1.3018935918807983,1.3214703707741058,1.2539285778484832,1.2666535160689718,94944960
1998-11-02,1.3155975341796875,1.3743297988996794,1.3116822415040919,1.360625156640517,123707866
1998-11-03,1.3155975341796875,1.3390906742932147,1.299935192349652,1.331259024280521,45978451
1998-11-04,1.2950409650802612,1.343005879019373,1.2793794760050519,1.3390905866001783,44632685
1998-11-05,1.2715486288070679,1.3116819947920997,1.2333720038295168,1.268612080003089,66085114
1998-11-06,1.3155975341796875,1.3224494826777429,1.2568653759258457,1.2588230754967187,48966509
1998-11-09,1.613173007965088,1.613173007965088,1.3234281812698885,1.3253858806171068,202355366
1998-11-10,2.0497474670410156,2.192662716998859,1.7404258519562317,1.7648978396804533,577698739
1998-11-11,1.8157981634140015,2.118268013560721,1.787410886175906,1.9929737740525462,306874656
1998-11-12,1.9733964204788208,2.0810716068397004,1.761961553601487,1.7834960372496482,223699450
1998-11-13,1.9410938024520874,2.0820502986970064,1.8755095902487873,2.036043933628721,135688608
1998-11-16,1.9988468885421753,2.036043816469733,1.913685259968865,2.0282130187580063,82411085
1998-11-17,2.0145082473754883,2.083028783967258,1.9420723123876917,1.9968891675256275,81555725
1998-11-18,2.3101260662078857,2.325788298023512,1.9636075714945949,2.0438743003775603,201192077
1998-11-19,2.2513935565948486,2.429547776601339,2.221048584804115,2.3649426481464157,135973728
1998-11-20,2.302295684814453,2.3492808982072457,2.1985359088979948,2.3492808982072457,67214189
1998-11-23,3.0227417945861816,3.0618962063288246,2.375710253743398,2.396266735126213,162518400
1998-11-24,3.0824527740478516,3.6668360374631894,2.787813911688122,2.960094222496675,342451930
1998-11-25,3.202852725982666,3.35555624376988,3.0618960421257357,3.1480367228284494,195546701
1998-11-27,3.4142885208129883,3.447570046053188,3.242008009936587,3.304654810282837,66632544
1998-11-30,3.0951778888702393,3.5239217213714267,2.9444320546022844,3.5151120741055553,135768442
1998-12-01,3.2459235191345215,3.273331095973518,2.8504612399557314,2.929749125026799,147874637
1998-12-02,3.1793603897094727,3.351640677841194,3.1010505096771954,3.226345593759195,72072634
1998-12-03,2.928769826889038,3.261584613820194,2.8974460045790553,3.10496550227028,76469184
1998-12-04,2.8582923412323,3.1005615908484887,2.5098152332957473,3.0540656959217274,138288902
1998-12-07,2.7290823459625244,2.866123677394716,2.6155331997425555,2.866123677394716,115382362
1998-12-08,2.770193338394165,2.8504609156980547,2.6077013364686845,2.631194363825522,120868070
1998-12-09,2.811795473098755,3.046234979337026,2.705588684028281,2.781940876751645,119431066
1998-12-10,2.9150664806365967,2.9855447162682283,2.8210950029524824,2.8817849555482717,114025190
1998-12-11,3.0070793628692627,3.026656994698638,2.8514401389376864,2.8543766878925707,60257261
1998-12-14,2.952263116836548,3.0227415636256634,2.905277059779296,2.9111501572122616,46685549
1998-12-15,3.0384035110473633,3.0442766095767,2.9640098650142916,3.0149113298623087,40424314
1998-12-16,3.5004281997680664,3.5395836750420053,3.1323743551681007,3.134332054405505,123251674
1998-12-17,3.732419013977051,3.813665431216936,3.375133230949076,3.4142878460589454,106326950
1998-12-18,3.9507062435150146,4.107325120537634,3.837158015477858,3.915467241056962,83830982
1998-12-21,4.641787528991699,4.7063928816894665,4.0251011941558605,4.048594010967364,132164525
1998-12-22,4.7142229080200195,4.871820439645684,4.420562532949726,4.794490267425359,105979104
1998-12-23,4.667239189147949,4.874758748030672,4.59676072786761,4.82581583349486,42699571
1998-12-24,4.479295253753662,4.653533457672819,4.416647603893137,4.541942903614188,26213933
1998-12-28,4.473423957824707,4.7298877579461465,4.3226780827995315,4.502790308379861,60770477
1998-12-29,4.290374279022217,4.557605146252504,4.228705682871315,4.557605146252504,33729696
1998-12-30,3.960496425628662,4.226748246809493,3.5924425252037544,4.21891744867213,99484070
1998-12-31,3.778427839279175,4.04174290000548,3.7745124401840364,3.8175822560951533,37441958
1999-01-04,3.7588486671447754,3.9311291476571237,3.633553385077208,3.7020741226835336,44689709
1999-01-05,3.5082590579986572,3.6413849184023945,3.4416962342628965,3.571885546472163,75265978
1999-01-06,4.432311058044434,4.463635103040271,3.6492171728467615,3.6648787694800773,108921542
1999-01-07,4.667239189147949,4.9334910120299185,4.230664524637977,4.261987291522959,118450253
1999-01-08,4.579140663146973,5.027462384786526,4.495937366237569,4.933491101377548,89453549
1999-01-11,4.565436363220215,4.776871286646274,4.354000588065104,4.762188329511938,43982611
1999-01-12,3.766679525375366,4.581096743070821,3.7588487298147504,4.3853234471397995,63262426
1999-01-13,3.375133752822876,3.696201518608981,3.3261899972702107,3.3986259293110206,77586854
1999-01-14,3.528815507888794,3.7862576443337588,3.431907691344825,3.516090675668374,70641331
1999-01-15,3.4984703063964844,3.790172569202913,3.4769358302229554,3.563075438374987,44786650
1999-01-19,3.6002731323242188,3.9154687027342536,3.343810674151207,3.876314288260236,36757670
1999-01-20,3.3477253913879395,3.6120196749422484,3.2889933520350105,3.5963572299621194,52302413
1999-01-21,2.8465449810028076,3.163698223777551,2.8220739531425387,3.0853891885801006,90029491
1999-01-22,3.0814731121063232,3.4456116958863436,2.5998704690424246,2.5998704690424246,125966016
1999-01-25,3.4064579010009766,3.411352149261665,2.866122885204228,3.132374462163373,108978566
1999-01-26,3.459315538406372,3.676624164826213,3.3359781638584125,3.429949415730294,84680640
1999-01-27,4.753377914428711,4.917827626054203,4.44797173298874,4.776871156239724,251110886
1999-01-28,4.58305549621582,4.790575884953247,4.479295727711658,4.761209968981349,66746592
1999-01-29,4.348127841949463,4.645703258879397,4.260029240291237,4.479295830082784,91791533
1999-02-01,4.1034111976623535,4.385324596223062,4.0955795483207105,4.369663000998034,66256186
1999-02-02,3.982029914855957,4.074043448888064,3.8371576689777727,4.074043448888064,49086259
1999-02-03,4.357916355133057,4.385324572493108,3.868483415572644,3.8998061799886408,53545536
1999-02-04,3.74318790435791,4.354000729638273,3.7118642898437875,4.291353074745487,217672013
1999-02-05,3.4651896953582764,3.868483675848986,3.445612913048058,3.8449904298287882,105733901
1999-02-08,3.6178929805755615,3.8273702092779818,3.494555371439502,3.602230534694256,80677555
1999-02-09,3.3340210914611816,3.633554193692613,3.28899358185344,3.6178930252116923,48128256
1999-02-10,3.320317268371582,3.3888380227116763,3.007079412569851,3.2870359538016163,71650656
1999-02-11,3.751018762588501,3.76668035716827,3.3359788406627824,3.4338655102445252,75174739
1999-02-12,3.696201801300049,3.8802293652817093,3.5758018057863894,3.6942441020319547,69090278
1999-02-16,3.6198511123657227,3.8528211859976667,3.5748231720687738,3.778427753156516,36124704
1999-02-17,3.649216651916504,3.8528207860016837,3.5983151925306673,3.7353562728324063,66951878
1999-02-18,3.682497978210449,3.7314408867314355,3.4847669413620723,3.670752208237446,43047418
1999-02-19,3.751018762588501,3.7823423776125855,3.629638849408011,3.70794895162959,36124704
1999-02-22,4.365748405456543,4.463635522946279,3.7823432293679975,3.833243849079232,100812730
1999-02-23,4.426435947418213,4.643744802395303,4.3540002302451715,4.446013789807752,115599053
1999-02-24,4.479295253753662,4.737716223864634,4.463634086551416,4.54781600101422,94386125
1999-02-25,4.690731048583984,4.696604146021308,4.404901862926799,4.549773729036658,73549555
1999-02-26,5.231065273284912,5.264346583936953,4.692688650349805,4.816025397432222,197000813
1999-03-01,5.058785438537598,5.548219222565151,4.796449039320155,5.117516845306779,280586592
1999-03-02,5.5002546310424805,5.685260858682479,5.133179789753991,5.1977851526081045,186358234
1999-03-03,5.802722454071045,5.873200890306591,5.52080956085775,5.788039925619473,102354278
1999-03-04,6.146305561065674,6.160988090371769,5.802722791789484,6.055270642797918,104631437
1999-03-05,7.012603759765625,7.097765596785127,6.34305909233937,6.5251281105981125,158532422
1999-03-08,8.034540176391602,8.034540176391602,7.153559400786262,7.2534041839542525,165966451
1999-03-09,7.811359405517578,8.334074938039093,7.582304743884532,8.22835746741839,127629216
1999-03-10,7.285707950592041,7.9288239110365435,7.141814703271729,7.870092077648145,92867386
1999-03-11,7.0478434562683105,7.558812367689808,6.81291527008194,7.23578643108197,66729485
1999-03-12,6.671959400177002,7.000858891201283,6.5192558521262844,6.771803782057508,58109357
1999-03-15,7.367932319641113,7.409044428712534,6.689576983723912,6.836407830664718,65955859
1999-03-16,7.414917945861816,7.773183287184571,7.294517528753828,7.547064558161771,44619379
1999-03-17,7.318009376525879,7.4589662635649905,7.097764613158693,7.259277553191826,32068397
1999-03-18,7.552938461303711,7.705641561662674,7.153560139139021,7.318010287009506,36637920
1999-03-19,7.505954742431641,7.740882976694151,7.353250751364033,7.708580291249975,31741459
1999-03-22,7.2886457443237305,7.6116717254137525,7.235787427483664,7.447222398302416,23900659
1999-03-23,6.877520561218262,7.235786361085144,6.624972657044845,7.188799872573277,36472550
1999-03-24,6.830534934997559,6.859899998006098,6.44877633995056,6.748309436830292,34214400
1999-03-25,7.4883341789245605,7.682148544359073,7.329757550144894,7.5059530472519835,58692902
1999-03-26,7.259278297424316,7.611670125285365,7.188799420814668,7.329757174033965,27183341
1999-03-29,6.943594455718994,7.229913443424798,6.859900990398894,6.965619320822975,51834816
1999-03-30,6.4429030418396,6.859899784703609,6.354804874501585,6.836407820200146,67415674
1999-03-31,6.4517130851745605,6.812915222126722,6.225594760794866,6.231467858942045,52091424
1999-04-01,6.513381004333496,6.765928866447116,6.254960045066289,6.765928866447116,41021165
1999-04-05,6.989110946655273,7.370135364463383,6.3665514884745305,6.554494030697328,80255578
1999-04-06,7.141814231872559,7.400235218626333,6.883393245118784,7.036096768405554,46208448
1999-04-07,7.0478434562683105,7.4002357355478665,6.871647529560814,7.376742491064667,32471366
1999-04-08,8.069780349731445,8.084463307218877,6.918632309244303,7.10657527233123,95665363
1999-04-09,8.615985870361328,8.974251126856359,7.799610592557554,7.846596213929505,119370240
1999-04-12,8.298837661743164,9.162198224009648,8.046289689809134,8.457414334898454,110113344
1999-04-13,8.122639656066895,8.731983680517352,8.122639656066895,8.204863878806542,116002022
1999-04-14,7.6527838706970215,8.463285072582334,7.564685265915568,8.457412400083005,68124672
1999-04-15,8.404550552368164,8.551380945612635,7.1653054743695,7.61166847299733,97298150
1999-04-16,8.26947021484375,8.472095737296812,7.987556370410863,8.245977820338938,43615757
1999-04-19,7.2416582107543945,8.169623793006945,7.14181385039876,8.122639013290431,55761869
1999-04-20,7.635162353515625,7.69976769791345,6.871646118164063,7.056651441223022,55292371
1999-04-21,7.834853649139404,8.011049172067999,7.623418680933397,7.735008838096481,29156371
1999-04-22,8.081527709960938,8.234229962704278,7.723261489248429,8.034541222107302,27875232
1999-04-23,9.402998924255371,9.58506710725729,7.987556206624132,8.099147207556765,145219219
1999-04-26,9.819992065429688,10.22524382001772,9.543951842244155,9.843485303428931,111953318
1999-04-27,9.831741333007812,10.9946351577852,9.53808132786579,10.98876248575439,194659027
1999-04-28,9.047667503356934,9.679036317277992,9.00361863518509,9.679036317277992,108461549
1999-04-29,10.101905822753906,10.14889144707795,8.410424198817212,8.410424198817212,134586144
1999-04-30,9.778882026672363,10.430807381553311,9.350138647089587,10.190006538699716,90751795
1999-05-03,8.956634521484375,9.579194007839055,8.927268604399245,9.400061743273934,57702586
1999-05-04,8.516144752502441,9.438237860338159,8.269470347596025,8.92726932849927,70591910
1999-05-05,8.77750301361084,8.927269374001899,7.893585255885217,8.428047037059425,75864730
1999-05-06,8.245977401733398,9.021240008703176,8.222484156692026,8.756945899430336,49859885
1999-05-07,8.301773071289062,8.774566250900643,8.128513464175063,8.398681117057281,57029702
1999-05-10,9.085843086242676,9.197433204046638,8.457410224611026,8.563127671426267,65343802
1999-05-11,9.176878929138184,9.444109772744952,9.05647765780169,9.28553315330981,45731347
1999-05-12,9.338394165039062,9.485223766470787,8.827424767214827,9.156324266842807,36805190
1999-05-13,9.044731140136719,9.696657313669895,8.927267486505281,9.47347534969533,35278848
1999-05-14,8.733450889587402,8.97425255688831,8.657099349157596,8.715832024028117,34929101
1999-05-17,9.323707580566406,9.350137582347983,8.228356013386318,8.551381892206809,49483526
1999-05-18,8.906710624694824,9.35013687781963,8.880280624904737,9.162193524924763,39928205
1999-05-19,9.247355461120605,9.335454041994257,8.997744376814948,8.997744376814948,43277414
1999-05-20,8.768692970275879,9.27966151891351,8.762819445497692,9.209183480221423,25278739
1999-05-21,8.94929313659668,9.021240404193971,8.574877246130832,8.718770077867045,27930355
1999-05-24,8.610114097595215,8.927266436121307,8.24010175838805,8.924329674780255,40886208
1999-05-25,7.702705383300781,8.527890391855465,7.676276227855889,8.475032080965681,72021312
1999-05-26,8.190181732177734,8.316455692418957,7.115385540762625,7.64103701358364,99261677
1999-05-27,7.940571308135986,8.38987126426665,7.870093267758094,8.128513884782702,45297965
1999-05-28,8.325264930725098,8.433918304158784,7.761437323914367,7.969935488785852,38981606
1999-06-01,7.82310676574707,8.586623186718006,7.658657455078647,8.17549863245321,50779872
1999-06-02,7.931761264801025,8.244509408174688,7.118321989941477,7.632227699752715,103969958
1999-06-03,7.5793681144714355,8.034541535410144,7.5176995178863235,8.005175618153341,52671168
1999-06-04,7.917077541351318,7.958189653477175,7.394362872873408,7.57643104135338,48974112
1999-06-07,8.610114097595215,8.762816318311694,7.9581880007677945,7.9581880007677945,67708397
1999-06-08,8.633607864379883,8.78043830381852,8.322328968089934,8.598369274367094,46027872
1999-06-09,8.598369598388672,8.645355238572149,8.38106111900624,8.63948256587995,29933798
1999-06-10,8.583686828613281,8.762819106670802,8.257724102341577,8.469159061971634,44974829
1999-06-11,7.7937397956848145,8.536698781395843,7.68214795990691,8.480904566964977,103627814
1999-06-14,6.39004373550415,7.517698462256117,6.2725800829711105,7.494206072441117,283519526
1999-06-15,6.366551399230957,6.718943660959019,5.952490970798093,6.25496083574881,210078317
1999-06-16,6.989110946655273,7.068399685753133,6.577987274339725,6.695450511499879,124245792
1999-06-17,6.895140647888184,7.397298838177839,6.842281487564957,7.009667550994842,108900634
1999-06-18,6.868710041046143,7.033159317922642,6.730689914516281,7.024349033321108,37339315
1999-06-21,7.144750595092773,7.376742003932776,6.671958343644013,7.130068063523337,77934701
1999-06-22,6.962681770324707,7.517698649624051,6.933315430595023,7.177053026713304,76254394
1999-06-23,6.880456924438477,7.124194543577033,6.6719587459579905,6.933316085425582,58257619
1999-06-24,6.677831649780273,7.0243499670701475,6.595606148682779,6.901013205949824,42001978
1999-06-25,6.39004373550415,6.774738645489189,6.210911495045461,6.7659292122408194,51502176
1999-06-28,6.580923557281494,6.589732991245607,5.990666781542369,6.373893341833958,96716506
1999-06-29,6.613226413726807,6.748309799117641,6.296073154767588,6.5016358465601884,73477325
1999-06-30,7.112447738647461,7.3297570362907525,6.413537193822147,6.466395498556988,85214765
1999-07-01,7.0316925048828125,7.373805689364213,6.854027346388826,7.1976101894692786,63665395
1999-07-02,6.748310089111328,7.177053933661481,6.654338812176249,6.977365183106726,53862970
1999-07-06,6.613226413726807,6.971491785179989,6.48401570056133,6.695450638714735,96705101
1999-07-07,6.495760917663574,6.833470607832828,6.387107128851102,6.669020905050087,79833600
1999-07-08,6.304882526397705,6.598542072818598,6.17860859352106,6.360677588957623,95461978
1999-07-09,6.378296375274658,6.472268046688476,6.30488160585447,6.35773989914546,33474989
1999-07-12,6.008286952972412,6.319566277091469,5.99360356824422,6.319566277091469,78031642
1999-07-13,5.873201847076416,6.084637616091293,5.650020734770025,5.908441709731581,106912397
1999-07-14,5.779231548309326,5.9906664697339345,5.679387185222256,5.940744501122661,73602778
1999-07-15,5.967173099517822,6.072891409691685,5.732245366766572,5.78804085767088,82549843
1999-07-16,5.777762413024902,5.990665687522817,5.741054173600547,5.9260603444873015,34752326
1999-07-19,5.5296196937561035,5.808596286991249,5.509063214416141,5.8056599512744675,55490054
1999-07-20,5.306437969207764,5.473824017621747,5.203657271483502,5.450332053269475,54879898
1999-07-21,5.418029308319092,5.620654791184159,5.224213684604398,5.350487622652239,69647213
1999-07-22,5.106750011444092,5.35048849394517,5.092067478288527,5.335805109060443,80706067
1999-07-23,5.06563663482666,5.262388577382932,5.045080156626828,5.168417322367917,60894029
1999-07-26,4.904124736785889,5.186039011777857,4.848329234246355,4.980476297791733,82323648
1999-07-27,4.678005695343018,5.071510491099588,4.628083724807329,4.933490349331249,161583206
1999-07-28,4.9305524826049805,5.01571344703162,4.6398288807895245,4.657449022125072,100094227
1999-07-29,4.8042802810668945,4.886504939531053,4.713245335855445,4.739674918503529,62578138
1999-07-30,4.589907169342041,4.912933488317681,4.581097310313264,4.857138424242935,45354989
1999-08-02,4.287437915802002,4.6985624553684735,4.275691719401879,4.551732019314983,75250771
1999-08-03,3.9644105434417725,4.3461690689559305,3.876313241139381,4.334422875546133,147319603
1999-08-04,3.5591607093811035,4.040763912361062,3.5532878241805546,3.9232993945171373,151003354
1999-08-05,4.363790035247803,4.3814093304107775,3.302208018374144,3.526858396813993,258020294
1999-08-06,3.911553382873535,4.604591345330326,3.8763143665487525,4.181720594245464,288138470
1999-08-09,3.7412302494049072,4.034890682713956,3.67662489445588,3.905679972815902,137275776
1999-08-10,4.193467140197754,4.299185475567548,3.711864939051594,3.8234555215911645,286507584
1999-08-11,4.120051860809326,4.393155399474203,3.9937774810257975,4.3916870184538315,204575501
1999-08-12,4.29331111907959,4.463634803831077,4.087749270129852,4.125924622296866,124521408
1999-08-13,4.604591369628906,4.63395728769862,4.469507550297811,4.545859107624898,104926061
1999-08-16,5.121433258056641,5.156672273580666,4.495937006190214,4.595781806214852,197130067
1999-08-17,5.532557010650635,5.561923354077946,5.092067395480421,5.159609091047632,218417126
1999-08-18,5.917250633239746,6.078763557351633,5.650019841337492,5.717561516686583,230686790
1999-08-19,5.344613075256348,5.837962151408326,5.299095829627627,5.720498511522319,190625530
1999-08-20,5.779231548309326,5.820343657550488,5.3035016975103915,5.359297189611422,170254656
1999-08-23,5.846773624420166,6.084638139771022,5.7087526270660565,5.967173624268842,141491750
1999-08-24,5.585415840148926,6.061144868710374,5.556049924337771,5.746929228839376,156152621
1999-08-25,6.061145305633545,6.08463855101346,5.638274554357515,5.7293094961448,129144154
1999-08-26,6.03471565246582,6.272581032803586,5.943681989351058,6.108131298145035,94971571
1999-08-27,5.978920936584473,6.119877424522114,5.826217400366459,6.119877424522114,69571181
1999-08-30,5.611845016479492,6.020032324159049,5.541366142215951,5.978920215324674,81173664
1999-08-31,5.899632453918457,5.917252601252305,5.444459013104977,5.720500180484475,183185798
1999-09-01,5.729308605194092,5.920187893772237,5.664703255107395,5.899631413727644,76469184
1999-09-02,5.705816268920898,5.861456133855689,5.509063866305819,5.532556684142477,83266445
1999-09-03,6.272579669952393,6.296072058220534,5.896694217965945,5.93193365209712,106332653
1999-09-07,6.2872633934021,6.395917192937593,6.1345594440939255,6.210911844612546,83076365
1999-09-08,6.3313117027282715,6.47814212521069,6.1551162178242285,6.190355229632132,73496333
1999-09-09,6.78648567199707,6.789422434016065,6.489888890932033,6.516318471509293,104308301
1999-09-10,7.423727989196777,7.470712768433935,6.994984213096607,7.000857310501251,171054893
1999-09-13,6.950934886932373,7.312136572873943,6.895140245486192,7.271024462841263,114308410
1999-09-14,7.282769203186035,7.3238821567332115,6.906884635069953,6.906884635069953,101782138
1999-09-15,7.141814231872559,7.564684511605111,7.09482902378186,7.482459439251189,130569754
1999-09-16,7.130068302154541,7.194673231853324,6.848154062047684,7.1410803076663045,113070989
1999-09-17,6.624972343444824,6.93037939394049,6.4898885376226145,6.748309527695106,166223059
1999-09-20,6.39004373550415,6.51044457556083,6.122813329781171,6.489888095675941,99257875
1999-09-21,6.607353210449219,6.760055887678806,6.202101783134562,6.272580662549763,134827546
1999-09-22,7.006729602813721,7.047842134150098,6.43702939051363,6.598541902654544,133915162
1999-09-23,6.495760917663574,7.303326475633311,6.4752052903794075,7.130067339975782,156042374
1999-09-24,6.862838268280029,6.965618979697038,6.410601179068154,6.536875135560824,151714253
1999-09-27,6.519254684448242,6.99792087549063,6.472269477153572,6.965618199460615,112057862
1999-09-28,6.484014511108398,6.6954494104753595,6.23734060380177,6.560366049864744,110008800
1999-09-29,6.530998706817627,6.789420045926805,6.3430570761866205,6.439965078352563,110126650
1999-09-30,6.627908229827881,6.977364129317335,6.57798668852569,6.801168224607169,110274912
1999-10-01,6.494292259216309,6.721878918345765,6.413536430841891,6.660210335672096,51623827
1999-10-04,6.542747974395752,6.6367192475129695,6.395917540751682,6.495761911972587,59361984
1999-10-05,6.633782386779785,6.754182378909828,6.413537179595697,6.4869519647473775,104682758
1999-10-06,7.127131462097168,7.150623852424893,6.868710483982478,6.883393015005047,117851501
1999-10-07,7.053717613220215,7.394364173118364,7.0155418304678125,7.288645834669325,115378560
1999-10-08,7.100701332092285,7.1653062521994455,6.8922019125673915,7.059587948757312,57248294
1999-10-11,7.036098003387451,7.238723106286718,7.003795321140369,7.097766605544752,36398419
1999-10-12,6.801168918609619,7.024350051600357,6.7952949688259245,7.01847695354577,37375430
1999-10-13,6.4370293617248535,6.98617309296854,6.425282315874878,6.707196511017437,78647501
1999-10-14,6.6543378829956055,6.674894363120101,6.3342483188643754,6.542747326615613,81285811
1999-10-15,6.30194616317749,6.513381950051164,6.249087855255897,6.343059126815508,70728768
1999-10-18,6.084638595581055,6.3371865136868655,5.849710398706947,6.319566366590579,101683296
1999-10-19,6.278452396392822,6.3959160342573975,6.2021004355706095,6.325437596019979,73559059
1999-10-20,6.854025840759277,6.859898937626048,6.378296903125956,6.437029149387067,80774496
1999-10-21,6.977364540100098,7.106575246910564,6.548620735061296,6.648465101137408,89096198
1999-10-22,6.701323986053467,7.191736788558961,6.671958072379466,7.012603267208197,69483744
1999-10-25,7.088954448699951,7.171179939662305,6.692513356886375,6.693981737667497,99746381
1999-10-26,7.141814231872559,7.300390427073066,7.10951155529527,7.224038878361947,96058829
1999-10-27,6.516317367553711,6.692513263958369,6.2990085133064975,6.554493138010312,241181107
1999-10-28,6.398853778839111,6.572114215956768,6.2725806810184315,6.472269846265506,88122989
1999-10-29,6.348930835723877,6.4487751834446385,6.325437597109567,6.437028990001941,78729235
1999-11-01,6.4370293617248535,6.530999766421917,6.3430581052988275,6.366550493540853,61367328
1999-11-02,6.166861534118652,6.390043487338697,6.014158876929004,6.384170390113036,115650374
1999-11-03,5.970109939575195,6.243214300182777,5.931934166532027,6.2314672533010045,75619526
1999-11-04,6.108130931854248,6.249087838822996,6.014159660541749,6.031778954514431,63239616
1999-11-05,6.260833263397217,6.34012199289546,6.155115809128551,6.252023404564079,52137043
1999-11-08,6.4370293617248535,6.589732014620424,6.207974743584776,6.219720511841308,76771411
1999-11-09,6.337185382843018,6.548620296435469,6.23734102345447,6.542747199027791,40574477
1999-11-10,6.263770580291748,6.5075090525053465,6.178609591915128,6.313693405409395,45470938
1999-11-11,6.254960536956787,6.378297716203803,6.155116174036085,6.263769970447698,38770618
1999-11-12,6.431156158447266,6.495761511195455,6.13455939920362,6.275517151911712,46390925
1999-11-15,6.610290050506592,6.671959074696752,6.390044813135477,6.428220591819665,48618662
1999-11-16,6.871647834777832,6.883394031676598,6.531001310880301,6.607353720045191,65801894
1999-11-17,6.6308441162109375,7.0654613619580005,6.601478632810773,6.827596048975446,48367757
1999-11-18,7.153560161590576,7.2357860875129685,6.671958467437296,6.6837046632566,73009728
1999-11-19,6.85696268081665,7.077207861560572,6.789421001412496,7.036095757156898,47544710
1999-11-22,7.250468730926514,7.461904529991974,6.795295304830425,6.830535598358675,94935456
1999-11-23,7.8730292320251465,8.128513940056974,7.130069633628769,7.188801050433304,151839706
1999-11-24,8.433918952941895,8.442729239073648,7.867155392443675,7.928823988449418,94408934
1999-11-26,8.325264930725098,8.73932535037913,8.292962254185166,8.551382814775552,36162720
1999-11-29,7.969935417175293,8.457411470983189,7.949379788092078,8.392806118483811,70259270
1999-11-30,7.755565166473389,8.063908177099371,7.729136008913795,7.940570972848978,54492134
1999-12-01,7.517697334289551,7.746751933398696,7.329755688781537,7.379677222580366,61852032
1999-12-02,7.849536418914795,7.870092049489715,7.511825822952434,7.529446394980856,49257331
1999-12-03,8.398677825927734,8.522014980672692,7.964061023163814,7.9816807383743615,98393011
1999-12-06,8.292963027954102,8.545510940201341,8.128512868092535,8.351694862877885,37573114
1999-12-07,7.693893909454346,8.375185060077083,7.629288567286858,8.30177028567263,101265120
1999-12-08,7.632227897644043,7.993430072062171,7.5265104165709635,7.70564269676018,73802362
1999-12-09,7.547064304351807,7.987554700662581,7.417853606398457,7.811358371792469,70582406
1999-12-10,7.726198673248291,7.858346154698559,7.523573159625926,7.823106712747934,58926701
1999-12-13,7.58817720413208,7.990491399531503,7.541191573584373,7.74381620035929,44898797
1999-12-14,7.074272155761719,7.638098880651186,7.053715675865518,7.591114100995332,53872474
1999-12-15,6.851089954376221,7.514761442168438,6.836407424179025,7.259277666003416,87980429
1999-12-16,7.000857353210449,7.294517335608249,6.751245814548458,7.118320579613453,59607187
1999-12-17,7.065464019775391,7.212294047196027,6.906887368711505,7.2093572848190615,57208378
1999-12-20,7.003794193267822,7.265151945628378,6.953871370903597,7.041969968176301,51194246
1999-12-21,6.783548355102539,7.2357853663648415,6.765929063129592,6.977363973720954,50183021
1999-12-22,7.024350166320801,7.030224116200427,6.525128306236623,6.87752058323536,71230579
1999-12-23,6.686641693115234,7.138878370510911,6.683705356787992,7.118321886897279,32167238
1999-12-27,6.296072959899902,6.622035642972952,6.143370284965571,6.610289447156673,67993517
1999-12-28,6.57211446762085,6.742436871727832,6.119877385956831,6.18154640798818,66566016
1999-12-29,6.745373725891113,6.871647682000605,6.577987655685404,6.601480474825203,31378406
1999-12-30,6.340121746063232,6.889265475259572,6.24908682557462,6.760054785223276,37706170
1999-12-31,5.882012367248535,6.249087577212772,5.873202081834203,6.225594334503614,44898797
2000-01-03,6.63671875,6.660211140653671,5.514937506519061,6.114003688936271,116192102
2000-01-04,6.014159679412842,6.5809236451293875,5.967173617744612,6.366551522075891,80316403
2000-01-05,6.416472434997559,6.530999310202911,5.650019907410404,5.697005106476813,104891846
2000-01-06,6.337185382843018,6.924504918494442,6.128686379157647,6.2931356617596625,104893747
2000-01-07,6.3313117027282715,6.519254660540348,6.069954385404035,6.296072690920368,51260774
2000-01-10,6.683703899383545,6.84815317724635,6.577986445633957,6.627907985092799,59533056
2000-01-11,6.539811611175537,6.812915143443097,6.31956596162212,6.671958660215944,53849664
2000-01-12,6.125749111175537,6.536873561291114,6.087573342384429,6.466394694766641,50848301
2000-01-13,6.475205898284912,6.501635476984014,6.202101529321121,6.27258040585206,45824486
2000-01-14,6.2872633934021,6.762992405356867,6.228531137965459,6.583859728951591,55461542
2000-01-18,6.554493427276611,6.592669199418005,6.1580523234718205,6.1609886592583845,42982790
2000-01-19,6.754182815551758,6.78942225539433,6.437030412155917,6.536874781935619,42939072
2000-01-20,7.276898384094238,7.3150737344116115,6.762992721957786,6.807042022063512,99018374
2000-01-21,7.071335792541504,7.458967060375878,7.00673043928093,7.200546499062651,54334368
2000-01-24,6.407664775848389,7.0948296241231645,6.2667070103262414,7.088955674118792,65153722
2000-01-25,6.460522174835205,6.812914409607447,6.28432627038134,6.5368741451009065,86341939
2000-01-26,7.215228080749512,7.410512507262348,6.67195784459872,6.889265853886136,188994643
2000-01-27,7.23284912109375,7.265151797480192,6.971491374062702,7.071335739161546,61430054
2000-01-28,6.933315277099609,7.188799062762039,6.812914436707643,7.0948286515113335,46461254
2000-01-31,7.050779819488525,7.171181100934869,6.8129152962273425,6.859900507780365,38827642
2000-02-01,7.091892242431641,7.212293529134181,6.965619134855399,6.977365331790301,27274579
2000-02-02,7.0948286056518555,7.347375628014566,7.009666776495499,7.13887704932518,28956787
2000-02-03,7.752627849578857,7.817233202320298,7.235785879376392,7.294517708512589,82131667
2000-02-04,7.896519660949707,8.046285976633019,7.494205489877399,7.517697877866214,73792858
2000-02-07,7.966998100280762,8.058033450832735,7.696831365398837,7.770246146428817,32028480
2000-02-08,7.975809574127197,8.222483956546945,7.87009210333718,8.099146765337071,47362234
2000-02-09,7.70564079284668,7.943505705286235,7.576430096944353,7.940568943701364,33665069
2000-02-10,7.629290580749512,7.7643748233787875,7.4354753548257735,7.682148891579101,32497978
2000-02-11,7.206418991088867,7.658656452623471,7.1300678700230025,7.6469094056118365,22906541
2000-02-14,7.2416582107543945,7.497142847904811,7.127131319669606,7.247530882354448,30281645
2000-02-15,6.977364540100098,7.25927834492526,6.768865948314021,7.171180600315798,49434106
2000-02-16,6.610290050506592,6.971492205726053,6.577987796131188,6.971492205726053,32832518
2000-02-17,6.824660778045654,6.830534727370785,6.607352760074137,6.642591771515201,43338240
2000-02-18,6.448776721954346,6.859900404363464,6.437030525709312,6.842281535860472,26474342
2000-02-22,6.319565296173096,6.642591618626454,6.231467130801359,6.5398109225346905,37599725
2000-02-23,7.2798333168029785,7.423727819781286,6.5427470463380475,6.566240287149504,80787802
2000-02-24,7.70564079284668,7.705640792846679,7.065462114098286,7.235785342866307,61507987
2000-02-25,7.086018085479736,7.670401729380244,7.047842738211511,7.623416948659057,32745082
2000-02-28,6.815850734710693,7.07427169032525,6.71306961958548,6.9509340966563045,45594490
2000-02-29,6.736563205718994,6.98911022550979,6.507508149553021,6.86577347723281,30705523
2000-03-01,7.012603759765625,7.303327432806082,6.836408265345847,6.950935166372884,57881261
2000-03-02,7.053717613220215,7.21229426916452,6.804106857028241,6.921570541888169,23434963
2000-03-03,7.024350166320801,7.215229050196433,6.7659300149175134,7.06546313096802,20302445
2000-03-06,7.591113090515137,7.75262644306634,7.018475305140274,7.03609544689476,53473306
2000-03-07,7.649847507476807,7.905332225516808,7.547066778779509,7.805488259413864,45957542
2000-03-08,8.645355224609375,8.692340864716966,7.470714221919577,7.702705660251591,88556371
2000-03-09,8.57487678527832,8.639482143840773,8.22248407525206,8.498524378446959,66356928
2000-03-10,9.079970359802246,9.567446384520304,8.351693510206033,8.428045053586594,96406675
2000-03-13,9.855236053466797,10.430810003973246,8.498525844759603,8.648293070466394,118879834
2000-03-14,9.91396713256836,10.548272878661336,9.819995847833901,10.181198026765047,67465094
2000-03-15,8.904509544372559,10.207625183510709,8.715832821301664,10.207625183510709,82553645
2000-03-16,10.313344955444336,10.33683820315002,8.657102080311065,8.988938348515289,92952922
2000-03-17,10.28691577911377,10.521843977663597,9.91396657188597,10.225247180227514,42836429
2000-03-20,9.21505355834961,10.316278671383825,9.16219440541854,10.316278671383825,53800243
2000-03-21,10.078413963317871,10.148891977623816,8.927266533065584,9.212117055120181,51817709
2000-03-22,10.930030822753906,11.288296215752746,9.81999520136952,9.960952970920973,74627309
2000-03-23,10.504222869873047,11.229563912138445,10.4895407631733,10.80375641424285,56345414
2000-03-24,11.452744483947754,11.734658272942994,10.68041875174325,10.815502122905086,78854688
2000-03-27,11.267739295959473,11.98133414389203,11.079797597871998,11.279486344119858,48873370
2000-03-28,10.51596736907959,11.60618038802024,10.477791175380405,11.370517216313482,47383142
2000-03-29,9.350135803222656,10.513029256740746,9.303150183331153,10.460170966693312,72103046
2000-03-30,9.731898307800293,9.840552554997751,9.021240983261077,9.162197061820102,64509350
2000-03-31,8.26947021484375,9.491096022323733,8.216611901343327,9.441174471068708,131387098
2000-04-03,6.7306904792785645,8.586622142783536,6.683704420116973,8.416299328547812,121061952
2000-04-04,7.846597671508789,8.034540191908688,6.166861608366942,6.971490843227382,158562835
2000-04-05,7.796678066253662,8.821551898027751,7.326821648662021,7.594052539400343,78987744
2000-04-06,8.551383018493652,8.574876261868308,7.958189482829451,8.043350467205997,108284774
2000-04-07,8.49852466583252,8.66884750247082,8.23423055024004,8.410426911211415,59808672
2000-04-10,7.315073013305664,8.404551972734167,7.282770338367318,8.404551972734167,72142963
2000-04-11,7.309199810028076,7.7526269418933955,7.188798552320701,7.259277420415649,80641440
2000-04-12,6.736563205718994,7.50595216329406,6.689576723282325,7.377475656320344,71684870
2000-04-13,6.522191524505615,7.388488617277343,6.484015747845935,7.0360971930733776,88786368
2000-04-14,6.557429313659668,6.8246601261996735,6.278452732913878,6.519253969999072,137591309
2000-04-17,6.7306904792785645,6.906885965345763,6.202101465889804,6.213848087146334,104355821
2000-04-18,7.6557183265686035,7.658655087798161,6.701322882425055,6.706461788712333,62477395
2000-04-19,7.062525272369385,7.7056402407609115,7.04784189136155,7.517697733542675,52865050
2000-04-20,7.059588432312012,7.323883357291561,6.689576900107091,7.229912093392309,37223366
2000-04-24,6.666085720062256,6.9303798244044374,5.905505234305112,6.903950243624394,53819251
2000-04-25,7.215228080749512,7.326819911667424,6.607352496029932,6.724816146715724,93909024
2000-04-26,7.012603759765625,7.579367722113676,6.953871502427818,7.570558288084325,120961210
2000-04-27,7.608733177185059,7.696831770790177,6.724816441495503,6.818787706854933,72620064
2000-04-28,7.479522705078125,7.658656659555154,7.344439326355893,7.605797501761723,56408141
2000-05-01,7.312135696411133,7.4942055372557785,7.212291769234029,7.4883328660859245,44410291
2000-05-02,6.736563205718994,7.235785425521765,6.730690108346662,7.218164855811259,37835424
2000-05-03,6.5779876708984375,6.87164769789279,6.337186380624736,6.730691208592576,48483706
2000-05-04,6.434093952178955,6.83053599179549,6.260834772902277,6.660212297198957,58010515
2000-05-05,6.296072959899902,6.531000709006353,6.184482396187088,6.372424936163882,56560205
2000-05-08,6.037652492523193,6.343059572411116,6.0141600988475155,6.213848852007412,28707782
2000-05-09,5.6940693855285645,6.108130196679846,5.506126439659826,6.090510478963324,62082029
2000-05-10,5.215403079986572,5.685259831014081,5.171354635066257,5.564858987991871,72677088
2000-05-11,5.532557010650635,5.6265287134076285,5.2858830476048935,5.376917136530636,57025901
2000-05-12,5.699944496154785,5.849711297917062,5.561924318974181,5.59129024163139,40688525
2000-05-15,5.990667343139648,6.011223826621771,5.4209665696842215,5.6735140630345215,32600621
2000-05-16,6.337185382843018,6.484014947357494,5.967173006462709,6.002412016773283,65718259
2000-05-17,6.02003288269043,6.266706836176346,5.9319347075518785,6.166862464813752,37115021
2000-05-18,5.829154014587402,6.196229275221528,5.826217678241833,6.0846386992043415,34157376
2000-05-19,5.553112983703613,5.796850588129829,5.444458332142816,5.667640307200192,33722093
2000-05-22,6.398853778839111,6.563303504274828,5.144925420887801,5.597162059369885,91103443
2000-05-23,5.450332164764404,6.296072709263316,5.444458215361013,6.178609052318402,97720128
2000-05-24,6.105194568634033,6.158052876181505,5.332867919804541,5.485571447940373,99406138
2000-05-25,5.685261249542236,6.343060268897694,5.685261249542236,6.155117691938991,41037322
2000-05-26,5.820343017578125,5.967172571387034,5.497316721605099,5.785104009836882,19943194
2000-05-30,6.297542095184326,6.307820763017734,5.967174229709166,6.002413247243594,25800509
2000-05-31,5.8790764808654785,6.413537785551175,5.873202530942227,6.250556436078425,24047021
2000-06-01,6.3313117027282715,6.472269453417984,5.973046357669381,6.025905514178024,39836966
2000-06-02,7.253404140472412,7.2592776635867295,6.6367182826287054,6.75418193108313,47443968
2000-06-05,7.088954448699951,7.453092866786833,6.91863164710874,7.024349101246562,36101894
2000-06-06,6.748310089111328,7.212293375444423,6.748310089111328,7.11832167264477,27961718
2000-06-07,7.106575012207031,7.106575012207031,6.390043902341812,6.695450088284782,31277664
2000-06-08,6.736563205718994,7.1418137382419395,6.671957857029835,7.135940640869608,20769091
2000-06-09,6.877520561218262,7.000858177171398,6.701324636215232,6.9245057721364525,21223382
2000-06-12,6.278452396392822,6.883392005198995,6.249086486926679,6.883392005198995,37085558
2000-06-13,6.39004373550415,6.44290289018143,6.049398546948021,6.366550919824641,22316342
2000-06-14,5.896695137023926,6.354805296943292,5.8732023192297165,6.354805296943292,43629062
2000-06-15,6.02003288269043,6.131623450277067,5.884949496791149,5.996540064377786,27410486
2000-06-16,5.743992328643799,6.031778807703018,5.638274012193562,6.031778807703018,33910272
2000-06-19,5.626527786254883,5.743991863014395,5.544302293726468,5.702878903817936,22615718
2000-06-20,5.855584621429443,6.16686400972226,5.779233475116738,5.849711521846107,32274634
2000-06-21,5.802722454071045,5.826215692014005,5.708751205756983,5.814469498906969,14853802
2000-06-22,5.467951774597168,5.849709959380546,5.4092195168572745,5.837963337486748,48765974
2000-06-23,5.062700271606445,5.197784067781437,4.6985618427148035,5.191910970347179,113492016
2000-06-26,4.927618503570557,5.197785757904173,4.839519884087811,5.086195166910205,35925120
2000-06-27,4.927618503570557,5.021589796532623,4.745548591125745,4.833647210608491,59284051
2000-06-28,4.886504173278809,5.139052059432065,4.722054456273239,4.8571386847156175,37135930
2000-06-29,4.8571391105651855,5.021588841988882,4.563479088812297,4.792533752468306,54347674
2000-06-30,5.1038126945495605,5.121432839668976,4.851264804778047,4.93349030325567,27052186
2000-07-03,4.962856292724609,5.0920670013838105,4.945236147340261,5.0744468559994615,11518848
2000-07-05,4.7514214515686035,4.863012888681056,4.745548352519935,4.839519640757132,23653555
2000-07-06,4.792532444000244,4.863010881082503,4.704434291181308,4.7807858248876425,26732851
2000-07-07,4.675067901611328,4.816024335421431,4.57522313994358,4.786658003590937,17833306
2000-07-10,4.5164923667907715,4.763167140887805,4.463634064586091,4.692688694840725,37102666
2000-07-11,4.128859996795654,4.416646829299072,4.087747896341188,4.404901062423493,65975818
2000-07-12,4.945235729217529,5.097939668234955,4.334423380063865,4.5458582929664395,93350189
2000-07-13,5.021588325500488,5.121432688557954,4.804279454786035,4.980475364542473,56834870
2000-07-14,5.7498650550842285,5.820343502300688,5.438584927146484,5.51346894272727,73061050
2000-07-17,5.655893802642822,5.896694632082717,5.450331983944408,5.685259715904808,45208627
2000-07-18,5.403346538543701,5.767485011485466,5.403346538543701,5.547240637073827,26446781
2000-07-19,5.344613075256348,5.52080981267875,5.26238844216325,5.432711231035317,17146166
2000-07-20,5.732245922088623,5.779231984228152,5.344614209887809,5.403346468163805,36794736
2000-07-21,5.520811557769775,5.685260875937283,5.403347029025101,5.638274808920654,23577523
2000-07-24,5.180164813995361,5.5795431737219,5.174291715551772,5.538430207023031,22325846
2000-07-25,5.285884380340576,5.379854829196717,4.909998752133878,5.303503679801847,38617603
2000-07-26,4.951108932495117,5.356360752395333,4.722054296663716,5.297628499660567,70535837
2000-07-27,4.669197082519531,4.8395195053532545,4.58109846993127,4.8395195053532545,35585827
2000-07-28,4.404902458190918,4.827773196384742,4.34617019828727,4.722054873039436,25885094
2000-07-31,4.698562145233154,4.698562145233154,4.234579326627413,4.510619608320084,32077901
2000-08-01,4.563478946685791,4.71030852712476,4.4988735906010024,4.704435429080112,18191606
2000-08-02,4.592845439910889,4.821900551080779,4.504747254712529,4.545859372055772,21644410
2000-08-03,4.698562145233154,4.733801157972088,4.322676645542478,4.488594746260648,24581146
2000-08-04,4.769040107727051,4.980475014216671,4.723522859083744,4.8072158783912595,14381453
2000-08-07,4.698562145233154,4.8160258049392874,4.498873412695285,4.504746510507684,29297030
2000-08-08,4.722054958343506,4.733801580882265,4.64570340236758,4.651576500704673,15079046
2000-08-09,4.692689418792725,4.845392103322438,4.569352225648947,4.821900136078259,21808829
2000-08-10,4.592845439910889,4.698562921457234,4.487127106635331,4.663323902896654,17257363
2000-08-11,4.5576043128967285,4.569351358952107,4.434267569011555,4.498872915400231,20606573
2000-08-14,4.5282392501831055,4.651576005592421,4.399028971197299,4.399028971197299,32494176
2000-08-15,4.874758243560791,5.027461773464458,4.5106197775612875,4.516492875594049,33011194
2000-08-16,5.403346538543701,5.732245996752515,4.915870449375213,4.927617497393795,85738435
2000-08-17,5.926061630249023,6.002412757702521,5.338741170370589,5.344614268503234,69864854
2000-08-18,5.168416976928711,6.431154886533085,5.062699535034847,6.072890458928572,85568314
2000-08-21,5.274134635925293,5.415092366557973,5.193378809366301,5.303500971761922,32549299
2000-08-22,5.33286714553833,5.5325558542645386,5.3093743312255715,5.33286714553833,30239827
2000-08-23,5.432712554931641,5.550177075171474,5.168418449053434,5.344614377684049,24943248
2000-08-24,5.76748514175415,5.84971022109583,5.526683853735635,5.550177098574318,44472067
2000-08-25,5.843836307525635,5.961299960143889,5.7087520849398175,5.861455599899667,19100189
2000-08-28,5.914315700531006,5.955427815176924,5.732246243297018,5.826217521112679,18745690
2000-08-29,5.743992328643799,5.920188245133913,5.708752463962515,5.849709793364959,12376109
2000-08-30,5.738119125366211,5.837963931089774,5.5912895307482495,5.69113391060722,17510170
2000-08-31,5.8262176513671875,5.908442734226455,5.743992994372508,5.7557391914297815,16741296
2000-09-01,5.90844202041626,5.990666667477222,5.779231739073452,5.920188216054453,17280173
2000-09-05,6.343059062957764,6.478142445066361,5.884949331648884,5.8966951016787625,75455107
2000-09-06,6.166861534118652,6.419409825195988,6.090510418456075,6.36655067257156,53938051
2000-09-07,6.260833263397217,6.31956508779881,5.9671728637957635,6.202101013131127,23110877
2000-09-08,6.183014869689941,6.343059897321684,6.084638869141754,6.213849170299418,24678086
2000-09-11,6.084638595581055,6.3371865136868655,6.025906333430236,6.1022578909481755,13190602
2000-09-12,5.843836307525635,6.149242911580823,5.80272334772603,6.083169181118545,21678624
2000-09-13,5.873201847076416,5.978920157448369,5.626527918864429,5.714626084976542,18322762
2000-09-14,6.431156158447266,6.531000523507947,6.0596766577387715,6.061144612775705,42243379
2000-09-15,6.337185382843018,6.437029742231566,6.166861725239805,6.4194100241440255,32456160
2000-09-18,6.207974910736084,6.572113326259214,6.119876323134006,6.266705882922493,31581792
2000-09-19,6.172735214233398,6.519253897558435,5.955426367703423,6.360677298320594,34590758
2000-09-20,7.194674015045166,7.288645296688716,6.207976409517083,6.243215427201116,130543142
2000-09-21,6.689577102661133,6.906885976406447,6.536874432997928,6.854026819464206,70774387
2000-09-22,6.752714157104492,6.789421976409566,6.401791135121307,6.419410428454046,32818262
2000-09-25,6.801168918609619,7.077209211685301,6.6249725700555775,6.783549198581304,28666915
2000-09-26,6.642592430114746,7.141814718434256,6.630845807893391,6.971491890208822,32005670
2000-09-27,5.967173099517822,6.683704196228157,5.89082198029834,6.677831098728891,47596032
2000-09-28,6.495760917663574,6.577986407851682,6.02590504986309,6.043525193206142,39710563
2000-09-29,6.454648494720459,6.51925383839617,6.307818942483789,6.384170054128175,20824214
2000-10-02,6.284327507019043,6.601480793656128,5.967174220381957,6.5779879733817,28444522
2000-10-03,5.8262176513671875,6.49576238197566,5.814471454309913,6.378298707944571,23618390
2000-10-04,6.072889804840088,6.207973566812384,5.550174896521344,5.767482853483419,24790234
2000-10-05,6.00241231918335,6.3313117526868155,5.873202040382109,5.973046404800958,19289318
2000-10-06,5.585415840148926,6.072891916418114,5.180164413323881,6.008286560941934,46986826
2000-10-09,5.726372241973877,5.90844167049943,5.033334390292836,5.532556192641267,33696432
2000-10-10,5.444458484649658,5.8438368118199495,5.2858827102765105,5.679387513617425,26503805
2000-10-11,4.980475425720215,5.28441408710658,4.792533318408202,5.045080777965782,41966813
2000-10-12,4.8042802810668945,5.344614724379015,4.792534083799699,5.133179766652722,43401917
2000-10-13,5.250645160675049,5.262390934015269,4.733802600772765,4.745548799977651,33410362
2000-10-16,5.603034496307373,5.761611105019657,4.909996662386039,5.127305521899521,38079677
2000-10-17,4.956984043121338,5.802724762698966,4.8395195101307715,5.7660173623047974,47735741
2000-10-18,5.015715599060059,5.321122712048157,4.26394614402384,4.551732682251714,68081904
2000-10-19,5.3739800453186035,5.661767382575577,5.050953694317345,5.356361177243283,51587712
2000-10-20,5.456205368041992,6.249087622953316,5.379852967475159,6.2358721947350855,167615395
2000-10-23,5.597161769866943,5.755738389086866,5.262389238297296,5.432712052937087,41304384
2000-10-24,5.080320358276367,5.379853484633128,5.074447259923781,5.373980386280542,67107744
2000-10-25,5.080320358276367,5.391600533067449,4.827773296334015,5.247706429444792,62174218
2000-10-26,4.933489799499512,5.22127667253048,4.604590394359979,5.121432316722101,48813494
2000-10-27,4.827773094177246,5.1977846628650015,4.716181674963418,4.97460267616646,33108134
2000-10-30,4.6280837059021,4.921744133523182,4.5164927178542165,4.857138779825509,34090848
2000-10-31,4.839519023895264,4.933490726019127,4.58109801418221,4.692689437070833,74857306
2000-11-01,5.0759148597717285,5.3563606927191305,4.798406214345435,4.804279311794124,71615491
2000-11-02,5.397473335266113,5.450332495132779,5.121433043330321,5.16841825343755,45110736
2000-11-03,5.15079927444458,5.538429698214498,4.992222649983832,5.39747321919494,42949526
2000-11-06,5.109687328338623,5.368108393589316,5.050955055122044,5.150800728733088,30243629
2000-11-07,5.3269944190979,5.356360758430629,4.89825063452262,5.09793978300841,28946333
2000-11-08,4.851264953613281,5.444458495900629,4.7749138281836165,5.2741356735167555,37833523
2000-11-09,4.575223922729492,4.757293763290334,4.346169305967222,4.686814469665799,40820630
2000-11-10,4.328550815582275,4.769040839512643,4.322676865741583,4.513556174216599,31767120
2000-11-13,4.029016494750977,4.275691278210387,3.993777057457695,4.228705219864506,55741910
2000-11-14,4.481252193450928,4.487125289855649,4.046635393941796,4.228704363539171,38370499
2000-11-15,4.305057048797607,4.61046319368842,4.2463248030278224,4.410774494972971,23156496
2000-11-16,4.029016494750977,4.457760284677276,4.029016494750977,4.222832122270465,30884198
2000-11-17,4.081876754760742,4.134735924998062,3.8117095078500807,4.046637307935862,39957667
2000-11-20,3.2420077323913574,3.494554953613447,3.171528650742716,3.4593157321874894,100527610
2000-11-21,2.9659674167633057,3.382965057134515,2.889616075024183,3.335978993646842,59233680
2000-11-22,3.0893046855926514,3.312486667380869,2.748659253729706,2.9600941878339473,72763574
2000-11-24,3.471062421798706,3.50042833737875,3.183276151009096,3.277247421556872,32614877
2000-11-27,3.5885262489318848,3.6531315953663404,3.465188866162581,3.5885262489318848,45408211
2000-11-28,3.38590145111084,3.563565539217679,3.347725675524351,3.512175399670135,41803344
2000-11-29,3.488682270050049,3.523921495653194,3.2067682522926186,3.3829648061728803,44207856
2000-11-30,3.224388360977173,3.4182042188689774,2.9072351002574415,3.3594719600501333,39444451
2000-12-01,3.2654993534088135,3.5297933627612217,3.1832751561730057,3.2831194934605628,58766083
2000-12-04,3.036444664001465,3.212641386074428,2.889615126935062,3.212641386074428,42383088
2000-12-05,3.7118639945983887,3.7236101894076783,2.936600870724337,3.1774027617565888,71139341
2000-12-06,3.4123308658599854,3.7118641710414755,3.3124865017769096,3.582653466810238,43243200
2000-12-07,3.2889938354492188,3.4152677918507455,3.101051068963882,3.3007398191817106,35389094
2000-12-08,3.629638671875,3.752976278345268,3.4769362158007806,3.529794307854377,52141795
2000-12-11,4.08774995803833,4.08774995803833,3.5239224143317194,3.6296396928368737,38114842
2000-12-12,3.846946954727173,4.216958439800322,3.7353555607305897,3.987903832621076,30139085
2000-12-13,3.688370943069458,3.9937771342025066,3.670752075813291,3.9761582669463396,26585539
2000-12-14,3.476936101913452,3.7823420687196085,3.418203849442172,3.6824977079693957,24375859
2000-12-15,3.5709068775177,3.8645671051528687,3.2889936977847722,3.447570327173902,47145542
2000-12-18,3.6002731323242188,3.7059914567571486,3.4769365776784644,3.5591608054874437,26800330
2000-12-19,3.036444664001465,3.5474136249011226,3.0305715676916942,3.5415405285913515,47026742
2000-12-20,2.6253225803375244,3.007080229533964,2.513731132703116,2.871996596422117,57434573
2000-12-21,2.672306537628174,3.0951771743298697,2.5430960653026555,2.6135742918207066,52211174
2000-12-22,3.2889938354492188,3.3066129175141,2.8191376644988817,2.8191376644988817,39452054
2000-12-26,3.259627342224121,3.5063021292421697,3.1539098805481904,3.3829647357331454,27653789
2000-12-27,3.312486410140991,3.394710840101173,3.0599383192810383,3.312486410140991,23083315
2000-12-28,3.5532875061035156,3.6648780640963237,3.3007394115566235,3.312486458499847,31764269
2000-12-29,3.101051092147827,3.5944000859806495,3.065811863093176,3.5532879714819896,34678195
2001-01-02,2.836756706237793,3.218515090526173,2.7016731143975936,3.1656559326600755,43383859
2001-01-03,3.69864821434021,3.7118636404348635,2.7721508978409104,2.7721508978409104,65531981
2001-01-04,3.324232578277588,3.7001172286464272,3.2596274372661105,3.5004282818974453,52275802
2001-01-05,2.871995687484741,3.3829647731392978,2.8661228026732983,3.3712177259228198,58458154
2001-01-08,2.877869129180908,2.936601391231049,2.672307276666869,2.9131092103807816,76336128
2001-01-09,3.1362898349761963,3.288993573437768,2.936601100666193,2.995333356905014,46161878
2001-01-10,3.694244384765625,3.711864531256075,2.98946045717288,3.0364456690676187,65674541
2001-01-11,3.846946954727173,3.976157639062148,3.3829642177247536,3.471061734077867,72218045
2001-01-12,3.7647223472595215,3.982031212771493,3.6590048891094913,3.9585379711109177,51584861
2001-01-16,4.117115497589111,4.181720861827217,3.7471038861118284,3.7529769848976726,48161520
2001-01-17,4.06425666809082,4.475381282769466,4.011398348768523,4.322677720617082,85639594
2001-01-18,4.404902458190918,4.451887669903443,4.0055245387856395,4.193466663229439,90686218
2001-01-19,4.71030855178833,5.150799424734448,4.516492908383682,5.121433082628337,157235126
2001-01-22,4.645702362060547,4.992221900186452,4.5928440629986405,4.763166857686147,60498662
2001-01-23,4.921742916107178,4.956981920221035,4.581096512531821,4.62808256112435,61181050
2001-01-24,5.109687328338623,5.180165800679721,4.904125436742251,4.90999853630451,62977306
2001-01-25,4.680942058563232,5.180164322011075,4.663323190770392,5.156671930467899,46845216
2001-01-26,4.686813831329346,4.798405214796044,4.469505864078904,4.528238103924889,46176134
2001-01-29,4.915870189666748,4.962856249935978,4.698562162875714,4.774913712317206,42812669
2001-01-30,4.99809455871582,5.003967655722918,4.821899093316029,4.98047484183005,33959693
2001-01-31,4.639828681945801,5.027460276375614,4.616335870945946,4.968728035943765,38265005
2001-02-01,4.534112453460693,4.698562174276135,4.451887380120704,4.633956820346791,36812794
2001-02-02,4.344701290130615,4.604590646296722,4.269818125643278,4.598717548778297,37321258
2001-02-05,4.3872833251953125,4.463635749157862,4.029017862379744,4.287438928746897,40064112
2001-02-06,4.404902458190918,4.4166482287883415,4.193466663229439,4.287437938383623,33511104
2001-02-07,4.340297222137451,4.359384472526634,4.18172058438828,4.322677075219725,28875053
2001-02-08,4.428395748138428,4.592845497154872,4.334424462986174,4.399029827994502,29277072
2001-02-09,4.18759298324585,4.428394661773999,4.011397079741687,4.369662410029607,30952627
2001-02-12,4.434267997741699,4.551731655820723,4.181720110796926,4.1875932085279715,28379894
2001-02-13,4.457761287689209,4.757295294484745,4.451888188773701,4.556137291516279,46216051
2001-02-14,4.716181755065918,4.792533735207497,4.481253568163899,4.500342095529999,51551597
2001-02-15,4.745546817779541,4.986348911273505,4.722054003317969,4.7734447745014315,40134442
2001-02-16,4.581096649169922,4.716180425008388,4.440140202645821,4.440140202645821,34958563
2001-02-20,4.18759298324585,4.622209857523424,4.1582266444414,4.604590565278162,37551254
2001-02-21,4.29331111907959,4.381409297694948,4.052509828337879,4.053978209389974,42399245
2001-02-22,4.18759298324585,4.416647615214811,3.9232989150573516,4.335891780494475,52780464
2001-02-23,4.175848484039307,4.193467783438971,3.788216657547144,4.087750283582268,55906330
2001-02-26,4.263945579528809,4.281564874362573,3.9115532948849876,4.193466696735475,38513059
2001-02-27,3.958538293838501,4.346169999008239,3.9291723781654357,4.299184789450063,39274330
2001-02-28,3.601740837097168,4.152353386952994,3.465188878739558,3.95266467562198,56361571
2001-03-01,3.5239217281341553,3.7338885017563372,3.1950222674732363,3.535667711578911,77756026
2001-03-02,3.541541576385498,3.7823424291088488,3.3007396590007656,3.4299501582980563,52684474
2001-03-05,3.5709068775177,3.7236106217525435,3.5121754707875,3.6766249853309163,26198726
2001-03-06,3.788215160369873,4.029016415642677,3.7471030521542925,3.7471030521542925,46198944
2001-03-07,3.9937782287597656,4.211087162117189,3.6648791307946644,3.917427085915809,100591286
2001-03-08,3.676624298095703,3.946791444088093,3.617892476479109,3.917425533279796,49234522
2001-03-09,3.195021867752075,3.4064576347321744,3.1597826442328105,3.4064576347321744,68163638
2001-03-12,2.9659674167633057,3.195022293709807,2.930728188545976,3.1495052500443124,73973434
2001-03-13,3.2361342906951904,3.242008240449543,2.9542211139053762,3.136289920807726,52128490
2001-03-14,3.206768274307251,3.277247364794187,2.9718401020068215,2.9718401020068215,40986000
2001-03-15,3.2537543773651123,3.429950083039966,3.195022120586375,3.363876560329226,49893149
2001-03-16,3.054065465927124,3.3183595600273903,2.9718401776641383,3.1891490619727043,44910202
2001-03-19,3.482809066772461,3.506302096062008,3.0012061185158387,3.0716845675876967,46114358
2001-03-20,3.318359375,3.6531319039181613,3.312486490268845,3.4886821882907895,58429642
2001-03-21,3.018826723098755,3.500428680076667,3.018826723098755,3.371218170423546,62541072
2001-03-22,3.441696882247925,3.4769361060128876,2.9835869733034093,3.0481923233386357,47870698
2001-03-23,3.4945554733276367,3.6648782957509103,3.3770918103029364,3.559160615750587,45153504
2001-03-26,3.61202073097229,3.846948531204266,3.5180492276013275,3.559161347769758,51548746
2001-03-27,3.7588486671447754,3.8058347173184477,3.5004275205118076,3.6061460269364587,34131715
2001-03-28,3.4005839824676514,3.711864349730898,3.3535987728706793,3.623765750909866,39528086
2001-03-29,3.206768274307251,3.4651892638377237,3.16565595062081,3.312486590639251,41606611
2001-03-30,3.4005839824676514,3.5943998352125535,3.2478813060145355,3.2537544039810884,44713469
2001-04-02,3.318359375,3.547414442518542,3.2772472654915505,3.4064577563416285,42066605
2001-04-03,2.8837428092956543,3.312486621238322,2.836756748536997,3.265500347547394,75541594
2001-04-04,2.8543765544891357,3.018826269328654,2.7486590935959927,2.8837426814623233,72915638
2001-04-05,3.2713735103607178,3.312486686971874,3.153910059591277,3.206768367565409,64821082
2001-04-06,3.3359792232513428,3.41233142197467,3.065812001256042,3.1994272311273004,54858038
2001-04-09,3.5690276622772217,3.6113151598798945,3.4487445637592455,3.553992301579009,38898922
2001-04-10,3.707165479660034,3.8669162011557607,3.664877985376636,3.7062255966826987,65894083
2001-04-11,3.680854082107544,3.8810129926695476,3.552113514330673,3.8528211829473435,45948989
2001-04-12,3.9120235443115234,3.923300013748444,3.6573616082246057,3.6573616082246057,48835354
2001-04-16,3.8415446281433105,4.054859768558077,3.742874786861698,3.752271914602804,40125888
2001-04-17,4.045461177825928,4.078350261296715,3.7541498973361906,3.776703251277449,45741802
2001-04-18,4.299185276031494,4.541630415696482,4.1206394153527945,4.228705963191474,71492890
2001-04-19,4.697622776031494,4.69856223321493,4.322676726485701,4.434503219426215,75399984
2001-04-20,4.759644031524658,5.289641451966318,4.670370890089242,4.886504833050197,167934730
2001-04-23,4.411950588226318,4.6844677690619285,4.388458616251236,4.6835283116325455,65713507
2001-04-24,4.187358856201172,4.585796927567411,4.181720834714574,4.322677333983961,62466941
2001-04-25,4.548208236694336,4.585795889828325,4.134734683201304,4.224946839353807,83389046
2001-04-26,4.322677135467529,4.651576612342323,4.181720642671487,4.630903016111682,55835050
2001-04-27,4.404431343078613,4.501220959462251,4.263473622991086,4.4645727698992035,35908963
2001-04-30,4.743668556213379,4.895901503828603,4.501222166580916,4.534112537216102,89849866
2001-05-01,5.103578090667725,5.108276654121767,4.754005054859932,4.756823852240727,105103786
2001-05-02,5.046255111694336,5.190971099792223,4.9099963661935995,5.173115879973967,63795600
2001-05-03,4.840458393096924,4.913756065970143,4.745547243805834,4.830121383460043,39783744
2001-05-04,4.919394493103027,4.950405098712716,4.6092897145998295,4.632782958977099,33260198
2001-05-07,4.73051118850708,4.912815665613065,4.66755096322302,4.899659435340674,26184470
2001-05-08,4.939127445220947,5.0255804855547215,4.5341116068161975,4.886503374040565,61722778
2001-05-09,4.993631839752197,5.055652622432126,4.754944558438651,4.7850157055296325,49169894
2001-05-10,5.103578090667725,5.239836004970395,5.075386284078936,5.169357553159769,82795997
2001-05-11,5.003968238830566,5.093240942026327,4.88650415567825,5.093240942026327,44884541
2001-05-14,5.188150882720947,5.24829230893618,4.919392952743188,5.008665635138429,51697008
2001-05-15,5.267088890075684,5.364818423648966,5.097940588526978,5.213524920560261,76713437
2001-05-16,5.437174320220947,5.5104719713392045,5.18345197656387,5.18345197656387,64260346
2001-05-17,5.877901554107666,5.896695810489539,5.440935944958322,5.4569105518453975,127851610
2001-05-18,5.886357307434082,5.927704487658934,5.710631152681774,5.798964384419533,58829760
2001-05-21,6.017918109893799,6.0235569825653625,5.78205046678665,5.948380388947571,72969811
2001-05-22,6.037652492523193,6.249088294250088,5.921128277949349,6.011340875329769,70766784
2001-05-23,5.722848892211914,6.0423512480939925,5.638274739184305,5.948380818681391,67209437
2001-05-24,5.944620132446289,5.988786537675107,5.595986601695475,5.71345024604832,39620275
2001-05-25,5.845011234283447,6.014159518655391,5.727546722049504,5.947439321387215,27142474
2001-05-29,5.614781856536865,5.82715623595923,5.587529508059103,5.801784079354475,36669283
2001-05-30,5.626998424530029,5.873202658184866,5.504836190814441,5.504836190814441,79139808
2001-05-31,5.687138080596924,5.776410765259286,5.519869601605311,5.633574129107956,46456502
2001-06-01,5.755739212036133,5.816820544200564,5.576254322271711,5.751040648023484,36471600
2001-06-04,5.8882365226745605,5.959655273524345,5.590348577724763,5.63921397159075,52660714
2001-06-05,6.084638595581055,6.147599693034981,5.905153282823403,5.92018885776918,45728496
2001-06-06,6.067721843719482,6.233111852078714,6.0592650268085055,6.085576638049707,43858109
2001-06-07,6.1071906089782715,6.137261330556662,5.948380182897883,6.020737550605741,35823427
2001-06-08,5.9718708992004395,6.120345561636366,5.938981387063593,6.119406104640719,24150614
2001-06-11,5.900454521179199,6.126925039858735,5.863806319905226,5.985028669220049,39570854
2001-06-12,5.9662346839904785,6.061145421122106,5.683380961290542,5.8111820722349075,44221162
2001-06-13,5.808361053466797,6.098732473982231,5.799904237104314,6.029193918730083,38607149
2001-06-14,6.019796848297119,6.092154201038804,5.727545659420898,5.728485542283293,61544102
2001-06-15,6.1194071769714355,6.145718791291613,5.802723663459164,5.947439245678275,82304640
2001-06-18,5.918308734893799,6.15981436093481,5.879779922262436,6.066782558448166,52004938
2001-06-19,5.934283256530762,6.220895168401277,5.854407686998055,6.063024221057422,64838189
2001-06-20,6.530998706817627,6.535697694741034,5.825275792803936,5.826215249697088,98756064
2001-06-21,6.568589210510254,6.590202260493343,6.413537051099745,6.498111188522485,84170275
2001-06-22,6.370310306549072,6.624972627106577,6.343059233548608,6.519724886361746,49360925
2001-06-25,6.675716876983643,6.700149152235316,6.437030441821597,6.450185823718365,58660589
2001-06-26,6.4238739013671875,6.648465060837381,6.367491566608455,6.563890919902484,52792819
2001-06-27,6.446425914764404,6.552614376025561,6.3909830414182025,6.488713407851617,47880202
2001-06-28,6.5742268562316895,6.620272599543023,6.493411834719506,6.537578238156502,41827104
2001-06-29,6.436089515686035,6.615574372845484,6.342119104232778,6.608057438347023,51874733
2001-07-02,6.406020164489746,6.596782380519802,6.357155608238542,6.447368210502034,35259840
2001-07-03,6.49905252456665,6.577988664500947,6.3900456566946096,6.427634598947588,17244058
2001-07-05,6.253785133361816,6.47273823626258,6.24908657074963,6.408837699563957,34978522
2001-07-06,6.130683898925781,6.357154834327991,6.110010304301013,6.207740682499679,36352800
2001-07-09,6.059266567230225,6.220896659156222,5.837493748348937,6.178610008664082,53474256
2001-07-10,5.661766052246094,6.1081294852683925,5.600684740358832,6.107189176567592,67548730
2001-07-11,5.655190944671631,5.721910308955091,5.564038447348654,5.564038447348654,55461542
2001-07-12,6.288556098937988,6.300772024316022,5.936163808466014,5.979390766443073,66785558
2001-07-13,6.297012805938721,6.460523081334462,6.155116860877049,6.248148679429256,45370195
2001-07-16,6.18800687789917,6.416356314117404,6.159815494840593,6.277279590917995,34033824
2001-07-17,6.343059062957764,6.357154753549799,6.077119856083907,6.117527587620651,43313530
2001-07-18,6.252846717834473,6.413537330417246,6.242509708020143,6.289494916103415,48160570
2001-07-19,6.051746368408203,6.347756231661645,5.979389016972681,6.311106762792266,84662582
2001-07-20,6.277278900146484,6.39004399410719,6.233112490054507,6.255664997809216,79495258
2001-07-23,6.104372501373291,6.289495402403806,6.059266204122897,6.288555945170931,46368115
2001-07-24,5.799903392791748,5.962472866467774,5.614780140821903,5.897632883195014,106056086
2001-07-25,5.790506839752197,5.886357432945916,5.633574506048622,5.72566684532057,59689872
2001-07-26,6.092157363891602,6.178611300995481,5.727548632980532,5.788629978271714,76544266
2001-07-27,5.9765706062316895,6.060205291540404,5.8872979002760815,6.040471154614927,34637328
2001-07-30,5.73600435256958,6.012279711475703,5.660827763671684,6.000063787268436,35742643
2001-07-31,5.879780292510986,5.967173228716637,5.659887701631412,5.7463411807009654,49816166
2001-08-01,5.790506839752197,6.001002276799754,5.7604361238688995,5.924885817144949,52615094
2001-08-02,5.713450908660889,5.879780392070125,5.600685814038901,5.817759185456729,67004150
2001-08-03,6.0423502922058105,6.109070487471904,5.6589474406279905,5.7228479868683815,89512474
2001-08-06,5.967173099517822,6.002882264800321,5.888236982704218,5.968112556633577,38239344
2001-08-07,6.0423502922058105,6.074300778258269,5.860986088985302,5.929585198539479,35046000
2001-08-08,5.862864017486572,6.211497527095756,5.794265771195613,5.998183299554146,61019482
2001-08-09,5.905153751373291,5.985969227856195,5.751041012341491,5.827157498649486,36793786
2001-08-10,5.7407026290893555,5.892935554044549,5.638273277809945,5.89011675703257,54686966
2001-08-13,5.706874847412109,5.817760629386684,5.6382752943860845,5.723789338991529,47233930
2001-08-14,5.76701545715332,5.89481656369382,5.710632691185083,5.761377010210667,45416765
2001-08-15,5.638274192810059,5.820578716077751,5.599746652658768,5.779231952592483,62406115
2001-08-16,5.732245922088623,5.732245922088623,5.332868013751344,5.516111995223742,96724109
2001-08-17,5.544301986694336,5.631695766001129,5.441873913642604,5.592227497704002,69588288
2001-08-20,5.685261249542236,5.725668988761282,5.5067158014314685,5.5067158014314685,56265581
2001-08-21,5.442812919616699,5.826215698326351,5.411802748331017,5.672102595405652,64120637
2001-08-22,5.347902774810791,5.516111156761289,5.003028342147153,5.516111156761289,168451747
2001-08-23,5.174057960510254,5.469127230082088,5.102640031954338,5.455971845015685,89471606
2001-08-24,5.545243263244629,5.636395312497515,5.130829354850987,5.234198180579848,75235565
2001-08-27,5.2999773025512695,5.479462591955222,5.249232988974883,5.469125582291926,72321638
2001-08-28,5.072567462921143,5.389249674750283,5.067868474019089,5.276485013578023,63783245
2001-08-29,5.065049648284912,5.1336487591864355,4.933490298779497,5.1139146225351295,56884291
2001-08-30,5.220101833343506,5.2614498728468915,4.961681696821776,5.016184265969417,73052496
2001-08-31,5.284002780914307,5.356360997959902,5.1505632396738035,5.188152172735204,44932061
2001-09-04,5.116733551025391,5.3300473627179406,5.11203498828102,5.248292882003273,51740726
2001-09-05,5.135529041290283,5.296220548786227,5.054713984700607,5.0941822685150635,81470189
2001-09-06,5.176875591278076,5.262389187741353,5.027461448820187,5.086663431519086,64398154
2001-09-07,4.975776195526123,5.117672959402899,4.802869684387362,4.946645788171125,95320368
2001-09-10,5.1280107498168945,5.144925237424057,4.829182031365351,4.934429766718253,65742970
2001-09-17,4.642178535461426,4.897780703073282,4.6233847093464915,4.764341599192223,120498365
2001-09-18,4.698562145233154,4.895901383127343,4.666611658439211,4.738969875842372,89028720
2001-09-19,4.541630744934082,4.660034738529607,4.223068247965331,4.656275631479096,138114979
2001-09-20,4.227766036987305,4.416648036296378,4.169504359968425,4.369662826631622,99299693
2001-09-21,4.115000247955322,4.230584551295186,3.89980539191199,3.925178397401779,131197968
2001-09-24,4.395975112915039,4.421347272343251,4.133794996517993,4.133794996517993,85010429
2001-09-25,4.406311511993408,4.544449623022039,4.314220005793726,4.3790604392257375,71773258
2001-09-26,4.138493061065674,4.483367944174376,4.1253376801810715,4.473970817677998,60224947
2001-09-27,4.239042282104492,4.285088027537519,3.8039552784500965,4.041702643052409,109763597
2001-09-28,4.299185276031494,4.388457993438546,4.083050902760351,4.289787722018788,96120605
2001-10-01,4.4138288497924805,4.499342435148652,4.134734311450745,4.162924835834397,97526246
2001-10-02,4.462693691253662,4.569821619302868,4.379060283913914,4.4260454925519825,88837690
2001-10-03,4.693863868713379,4.792533706623738,4.288847932428644,4.3367730267520805,130239965
2001-10-04,4.939127445220947,5.081024631181624,4.710777218926495,4.767160395685167,101891434
2001-10-05,5.018065452575684,5.071629001039401,4.816026759485136,4.872409957598852,77392973
2001-10-08,5.207886219024658,5.212584782342766,4.886504147374436,4.923153196774395,70083446
2001-10-09,5.111095428466797,5.187211887876204,5.064109376103512,5.180633133610331,46713110
2001-10-10,5.345084190368652,5.361999531262214,5.011487008825279,5.0481356365009376,64368691
2001-10-11,5.58565092086792,5.72284829564983,5.350722742502872,5.375155443398656,123177542
2001-10-12,5.535845756530762,5.563097253372127,5.3093748347329095,5.53490629938785,58305139
2001-10-15,5.785808563232422,5.881659161166565,5.393948502761827,5.4888592177706945,97630790
2001-10-16,5.788628578186035,5.965295091335814,5.699356716081855,5.83373572839337,97012080
2001-10-17,5.364818572998047,5.814001808430634,5.358240668483171,5.806483594892785,102867494
2001-10-18,5.5499420166015625,5.608203696570221,5.375155699101881,5.385492709787508,79883021
2001-10-19,4.881805419921875,5.143984625175858,4.849854937701454,5.129888936925092,213722150
2001-10-22,4.987994194030762,5.059411683214571,4.840458948351744,4.840458948351744,94637030
2001-10-23,5.222920894622803,5.271786289411407,5.006787427365879,5.017124010213863,116815565
2001-10-24,5.3732757568359375,5.375155522982328,5.065989354293183,5.17969476465119,83675117
2001-10-25,5.556520462036133,5.573434952639183,5.148685255608833,5.224801740916391,94222656
2001-10-26,5.356361389160156,5.539605375128051,5.316893113029265,5.447513014732349,65457850
2001-10-29,4.935369491577148,5.48228221772968,4.816966368446686,5.37139645578146,186105427
2001-10-30,5.019002914428711,5.12049152343466,4.699500665380995,4.894960949971312,176097715
2001-10-31,4.931610584259033,5.159020524813947,4.873348061754524,5.087602621981342,100035302
2001-11-01,5.003028392791748,5.056592351237225,4.832940669127064,4.9579221031945275,96610061
2001-11-02,4.858313083648682,5.069748002325655,4.816965897728597,4.980475301297026,69677626
2001-11-05,5.0603508949279785,5.135527480738648,4.899660287990977,4.910936328704833,60228749
2001-11-06,5.23231840133667,5.2699064813602385,4.971078200241555,5.011486355108672,64073117
2001-11-07,5.317831993103027,5.477582704361212,5.168417438746075,5.176875107406554,84151267
2001-11-08,5.201307773590088,5.516111057237166,5.191910647933026,5.370456035417194,63565603
2001-11-09,5.351662635803223,5.40240695208136,5.124251818019038,5.204127398816007,43654723
2001-11-12,5.4183807373046875,5.487919723230041,5.238895891368343,5.333806605729016,47619792
2001-11-13,5.625120162963867,5.633576983269337,5.440936681023419,5.51141472612531,63372672
2001-11-14,5.839372158050537,5.87320112742627,5.66082677904538,5.684319592072375,86866560
2001-11-15,5.644851207733154,5.790506208608768,5.592226715410436,5.740701790479519,67335840
2001-11-16,5.638274192810059,5.7839305161942605,5.591288982656837,5.6279376084048796,44195501
2001-11-19,5.836554050445557,5.873202678098033,5.662707188145897,5.672104315837771,65672640
2001-11-20,5.55463981628418,5.8713220110402915,5.552759624614422,5.788627220864723,52866000
2001-11-21,5.719089508056641,5.719089508056641,5.478522905482898,5.539604652030283,46030723
2001-11-23,5.783930778503418,5.786749150236108,5.647672002007801,5.6627071506966224,14496451
2001-11-26,6.123166084289551,6.136321465157742,5.8591070855894305,5.860046542719184,107686973
2001-11-27,6.086516857147217,6.17954866864751,5.873202162443188,6.046109552311497,85966531
2001-11-28,6.117526531219482,6.348695987355332,6.02073647989327,6.038591273745332,105357542
2001-11-29,6.224655628204346,6.272581150694266,6.094035721137862,6.098734285073557,60628867
2001-11-30,6.396622657775879,6.436090509232229,6.184247825718101,6.192705496228833,79623562
2001-12-03,6.302652359008789,6.352457225727101,6.23029412814738,6.332723511199584,45713290
2001-12-04,6.577047348022461,6.578926688259418,6.252846890685102,6.28291761207005,71651606
2001-12-05,6.482137203216553,6.835468956524236,6.39192503094983,6.574228715889222,148671072
2001-12-06,6.592082500457764,6.61275609347248,6.439848711293681,6.478377100080052,70192742
2001-12-07,6.385345458984375,6.55825284566549,6.286675628701485,6.515965349679723,60774278
2001-12-10,6.296072959899902,6.500929987782974,6.254725771450825,6.305470086898742,50299920
2001-12-11,6.5873847007751465,6.68793388026029,6.33836082101454,6.339300278249612,78943075
2001-12-12,6.530998706817627,6.577985179136409,6.339297971020777,6.525360687865479,66302755
2001-12-13,6.217137336730957,6.413537988157913,6.203981954086768,6.354335998139309,55989014
2001-12-14,6.2575459480285645,6.418236577734408,6.219017553739994,6.239691149707085,52401254
2001-12-17,6.511267185211182,6.5488561201528315,6.180488816370212,6.250027387817015,57512506
2001-12-18,6.278217792510986,6.576105723476635,6.225593295352548,6.493411788542642,84092342
2001-12-19,6.220895290374756,6.4182353624834265,6.155115834157863,6.231232299333345,72899482
2001-12-20,5.975630760192871,6.330841794819827,5.968112548090513,6.206799812421167,55635466
2001-12-21,6.1071906089782715,6.150417564029084,5.990666829027351,6.0564462929312715,59703178
2001-12-24,5.996305465698242,6.188947017100907,5.94462168715018,6.112830535211936,18747590
2001-12-26,6.234051704406738,6.299831588409563,6.09779379912254,6.09779379912254,40902365
2001-12-27,6.218076705932617,6.3205052126168,6.156994958903433,6.243448861858886,28567123
2001-12-28,6.389103412628174,6.400379877453398,6.272579232993437,6.273519115839061,32922806
2001-12-31,6.286675453186035,6.434210678848329,6.244388810109911,6.418235649088102,34766582
2002-01-02,6.218076705932617,6.224654609192833,6.05174722914644,6.1447790353621095,59122483
2002-01-03,6.39004373550415,6.41541589126512,6.163573673736891,6.207740082041467,50394960
2002-01-04,6.4370293617248535,6.530999766421917,6.3430581052988275,6.3947418704686605,44531942
2002-01-07,6.277278900146484,6.501870482650455,6.257545189695785,6.445486871008785,42132182
2002-01-08,6.346817493438721,6.347757802381276,6.140081118224863,6.295133719033674,52871702
2002-01-09,6.285735130310059,6.480255548651215,6.258484061776826,6.406958734173011,51664694
2002-01-10,6.201162815093994,6.314868240612791,6.177670845506492,6.249088766790571,44653594
2002-01-11,6.001943111419678,6.272580894081336,5.967173824890874,6.209619799227115,64879056
2002-01-14,5.935225009918213,6.012280954949146,5.865686001362029,5.962476087195373,49657450
2002-01-15,6.0169782638549805,6.12222599915631,5.979390182407289,6.010400360248248,70104355
2002-01-16,5.632636547088623,5.895756126309507,5.621360078866358,5.746341964169194,129415018
2002-01-17,5.789567947387695,5.886358007035562,5.720029383509023,5.8262165694034405,84184531
2002-01-18,5.655190944671631,5.745403558693782,5.62136110794716,5.6429741652195435,49579517
2002-01-22,5.58659029006958,5.80084487053674,5.563097472603105,5.742582342528249,58975171
2002-01-23,5.552760124206543,5.636394804809518,5.426838800605252,5.599746182140871,77981270
2002-01-24,5.628875732421875,5.7435205719789995,5.5912876583748465,5.604443888862535,56619130
2002-01-25,5.699355602264404,5.728486011281147,5.600685354077556,5.614781468845244,25928813
2002-01-28,5.610084056854248,5.762317017203781,5.534907033947072,5.75573911287232,36518170
2002-01-29,5.574372291564941,5.683379111051478,5.464426015104482,5.6194794281111795,51164784
2002-01-30,5.422139644622803,5.608202386586335,5.17781438457064,5.608202386586335,98352144
2002-01-31,5.546183109283447,5.597866883005943,5.334747321471886,5.459728772508921,58141670
2002-02-01,5.455031871795654,5.607264843996893,5.408045802956108,5.550882498291591,30563914
2002-02-04,5.221041679382324,5.436235677167974,5.180633103923074,5.431536688680554,51831014
2002-02-05,5.121433258056641,5.31689317120265,5.073507737010232,5.221042980838971,61353072
2002-02-06,5.18721342086792,5.234198635387945,5.003029540214386,5.18157497367593,49052045
2002-02-07,5.16465950012207,5.2595706616194695,5.060351636652462,5.176876277347392,45314122
2002-02-08,5.507654190063477,5.514232093807696,5.144925342437759,5.170297500230912,58404931
2002-02-11,5.382671356201172,5.538663369147016,5.3648165639305505,5.4681849345998,40972694
2002-02-12,5.455031871795654,5.517052665003795,5.284943248015943,5.356362021548299,42457219
2002-02-13,5.506714820861816,5.588469742107992,5.4597287591242285,5.4597287591242285,31436381
2002-02-14,5.638274192810059,5.70687373243347,5.5161119650284,5.520810954494729,57087677
2002-02-15,5.538663864135742,5.642032244042992,5.450331481152534,5.613840867704652,48534077
2002-02-19,5.018065452575684,5.492620026474288,4.989873640586516,5.492620026474288,88173360
2002-02-20,5.109217166900635,5.161841684668919,4.921274589908467,5.083845004179617,72246557
2002-02-21,5.072567462921143,5.293399499821612,5.023702066638995,5.080084397225125,71349379
2002-02-22,4.905298233032227,5.072567592478696,4.872408716793834,5.066929146343822,72086890
2002-02-25,5.0876030921936035,5.105457037221245,4.857373907357629,4.936308751808621,56391984
2002-02-26,5.002089023590088,5.1073367505894955,4.913755782855342,5.08948195550585,57188419
2002-02-27,4.614927291870117,4.948525282680288,4.590495018484423,4.948525282680288,123790550
2002-02-28,4.8912034034729,4.955103958822825,4.78031720828694,4.792533985681813,125634326
2002-03-01,5.1552605628967285,5.1966085922496354,4.908116954087661,4.918453535561457,62801482
2002-03-04,5.587528705596924,5.595986373826864,5.2830620183372945,5.2830620183372945,81227837
2002-03-05,5.5170512199401855,5.58189121991641,5.426838638711565,5.546182481300231,68909702
2002-03-06,5.503894329071045,5.533025161079905,5.375154227486715,5.453150024368867,44832269
2002-03-07,5.4146223068237305,5.589409889288312,5.40334626557797,5.552760412984632,41724461
2002-03-08,5.679622173309326,5.691838097852009,5.459728717708278,5.54430286163819,63415440
2002-03-11,5.6768012046813965,5.722846946439447,5.50671349916347,5.544301572975618,47574173
2002-03-12,5.514231204986572,5.581890849348533,5.431536841192131,5.553699046954733,49077706
2002-03-13,5.336627960205078,5.47006752892223,5.296220221475149,5.424961225825208,51931757
2002-03-14,5.326291084289551,5.366698394956121,5.26520889911184,5.357301266733272,48717504
2002-03-15,5.422139644622803,5.433416109913854,5.269905872667956,5.34978143845424,44272483
2002-03-18,5.434357166290283,5.485102339695731,5.325351161107652,5.455031614781482,61252330
2002-03-19,5.454090118408203,5.494497419974547,5.394888138764359,5.454090118408203,29647728
2002-03-20,5.2952799797058105,5.469126863498243,5.271788009300952,5.398648822960532,46650384
2002-03-21,5.502016067504883,5.542423798134905,5.2182229217929335,5.305616712539952,55766621
2002-03-22,5.564037322998047,5.5931685890610225,5.393009684928356,5.492619408371526,53795491
2002-03-25,5.393948554992676,5.603504121554478,5.379852440299479,5.517051074442485,52070515
2002-03-26,5.356361389160156,5.486981290863239,5.278364719992754,5.386432111940949,54507341
2002-03-27,5.370456695556641,5.3826726197208234,5.279303798922514,5.3291086561998755,29786486
2002-03-28,5.322531223297119,5.403346259043641,5.254871568988075,5.389250142842141,28339978
2002-04-01,5.308435916900635,5.363878803671378,5.182514993558157,5.253932487443613,54750643
2002-04-02,5.165598392486572,5.262388875813938,5.1355272484848475,5.236077263609178,52178861
2002-04-03,5.01430606842041,5.182514918518328,4.968260310641227,5.182514918518328,55832198
2002-04-04,4.962621688842773,5.0462559492585655,4.8987207138526285,4.989872761082823,50825491
2002-04-05,4.991751670837402,5.036857958121174,4.822603412921614,4.970137771288574,55787530
2002-04-08,5.182514190673828,5.224800835719905,4.8573738565242754,4.895901395304021,56499379
2002-04-09,4.999269008636475,5.285881759160489,4.996450637572918,5.206006193271763,53285126
2002-04-10,5.057531356811523,5.096999196986508,4.900599027236739,5.021822622188344,44093808
2002-04-11,4.777499198913574,4.982356263449167,4.75776505833941,4.972959134769016,54508291
2002-04-12,5.081964492797852,5.085722746946451,4.825422444766261,4.8310604647858995,56368224
2002-04-15,5.1956706047058105,5.238896708425062,5.045315717837457,5.102638789944668,52493443
2002-04-16,5.269906044006348,5.293399284101198,5.1421058159763255,5.237956412863325,50195376
2002-04-17,5.161841869354248,5.276486760248419,5.079146621481392,5.271788195655506,38739254
2002-04-18,4.98423433303833,5.176875421858168,4.95698283716084,5.130828821683869,59136739
2002-04-19,5.111095428466797,5.167477754400914,4.863011065034354,5.007726624304929,152620934
2002-04-22,5.044375419616699,5.084782719131853,4.918454106527538,5.084782719131853,78981091
2002-04-23,4.926912307739258,5.10639759701136,4.909996968740185,5.029340391963296,58375469
2002-04-24,4.818846225738525,5.020883633546033,4.813207778382357,4.99081290799721,54842832
2002-04-25,4.8667707443237305,4.957922359438205,4.747427324122504,4.809447677028196,64224230
2002-04-26,4.670372009277344,4.956984906446762,4.6637945291702705,4.887446313262965,62863258
2002-04-29,4.777499198913574,4.839519566819179,4.656275557556239,4.694803955490705,69949440
2002-04-30,4.989873886108398,5.069749484058152,4.7070201277287085,4.707960436856262,62510659
2002-05-01,5.080084800720215,5.121432840118023,4.863951309690497,4.971078385109661,65381818
2002-05-02,4.909996032714844,5.166538052264165,4.909996032714844,5.077265366151935,66738989
2002-05-03,4.818846225738525,4.924093552227103,4.790654414822287,4.893083369361989,38580538
2002-05-06,4.748366355895996,4.895900716239129,4.731451018840476,4.8169654576980445,41853715
2002-05-07,4.682587623596191,4.849856158933229,4.628084196795944,4.811327764333594,69137798
2002-05-08,5.074448108673096,5.088543802595684,4.84327898386144,4.844218867135472,62253101
2002-05-09,5.042497158050537,5.071628424077702,4.88650466889497,4.989873072925519,47711030
2002-05-10,4.980475425720215,5.024641835843796,4.7972318817376145,5.013365794890636,58269974
2002-05-13,5.1139140129089355,5.130828498462795,4.906237364771837,4.929730604866106,46179936
2002-05-14,5.322531223297119,5.379853015950834,5.149623832978339,5.165598863520654,56274134
2002-05-15,5.3892502784729,5.48604119892674,5.220101990172426,5.267088477540544,52013491
2002-05-16,5.280242919921875,5.379852194236775,5.224800050077272,5.344143458195559,44693510
2002-05-17,5.292460918426514,5.384552002643887,5.216344440142585,5.320652301316392,34871126
2002-05-20,5.282122611999512,5.295277991244081,5.14022584924813,5.242654770807935,34846416
2002-05-21,5.18157434463501,5.354480884049191,5.1496238575334905,5.29997746264681,44442605
2002-05-22,5.191911697387695,5.20882618629779,5.047196103363,5.150563654755666,41978218
2002-05-23,5.514231204986572,5.517990310709168,5.252051999474111,5.252991456506404,71011987
2002-05-24,5.383611679077148,5.498256532541266,5.371395755815626,5.487919949330401,31269110
2002-05-28,5.258630752563477,5.398647774956347,5.23889661545583,5.397707891907585,37037088
2002-05-29,5.3413262367248535,5.421201826660899,5.226681357518978,5.22950015529563,45452880
2002-05-30,5.303735256195068,5.36951512846649,5.224799579815137,5.298097236947608,37467619
2002-05-31,5.188150882720947,5.440933786285075,5.188150882720947,5.393947738107363,49140432
2002-06-03,5.180633544921875,5.302796609382292,5.150562826748088,5.210705114824662,33750605
2002-06-04,5.182514190673828,5.261449886027826,5.107337175721626,5.155261841370396,53072237
2002-06-05,5.169356822967529,5.262388621735165,4.971077728733405,5.190030414072178,84170275
2002-06-06,5.160900115966797,5.250172385018487,5.096999575485477,5.1505626813977985,45457632
2002-06-07,5.325350761413574,5.349782611392314,5.059411543627733,5.064110533215765,64985501
2002-06-10,5.326291084289551,5.42683984523651,5.295279624252036,5.3187728706737545,36604656
2002-06-11,5.238895893096924,5.462547570732612,5.227619427389344,5.357299847687725,50017651
2002-06-12,5.479462146759033,5.487919815577612,5.217282930672931,5.230438310706905,59451322
2002-06-13,5.545243263244629,5.63169674886732,5.425899832210568,5.450332533433407,59821978
2002-06-14,5.548062324523926,5.591289282322854,5.317833121562218,5.417442419739742,77457600
2002-06-17,5.92958402633667,5.982207669529334,5.5969259798286854,5.598804893745331,94710211
2002-06-18,5.843130111694336,6.023555247162662,5.837491666511786,5.891055618152692,78160896
2002-06-19,5.809303283691406,5.920189055630279,5.766076323676031,5.82903699736961,60741965
2002-06-20,5.6768012046813965,5.826215746414533,5.647670372950704,5.801783051278967,59446570
2002-06-21,5.614781856536865,5.722847960527483,5.5443025554254275,5.713450833943164,53071286
2002-06-24,5.8901166915893555,5.987846201350199,5.572493762010343,5.586589450371561,96126307
2002-06-25,5.670225143432617,6.0047626185284795,5.612902070909065,5.943681717174077,76467283
2002-06-26,5.697475910186768,5.807422208101008,5.470066379506775,5.478523197380057,105927782
2002-06-27,5.7735915184021,5.812119902703108,5.6147811219784725,5.764195244776104,63582710
2002-06-28,5.790506839752197,5.866623299407003,5.723787079562985,5.7698332491989595,53691898
2002-07-01,5.502955436706543,5.802723608099631,5.497317416205093,5.736004264046367,53848714
2002-07-02,5.420262336730957,5.572495302066985,5.361060344079437,5.496378819398971,60736262
2002-07-03,5.552760124206543,5.575313483118762,5.206946212864337,5.408984004900014,60504365
2002-07-05,5.689959526062012,5.7266077277612,5.59598782350618,5.59598782350618,24810192
2002-07-08,5.284941673278809,5.626057424808564,5.266147847553387,5.450331683480296,126204566
2002-07-09,5.361058235168457,5.436235230965291,5.271785552659716,5.325349076992075,81877910
2002-07-10,5.528327465057373,5.675862691512291,5.506714414840989,5.621359272745301,163936397
2002-07-11,5.6739821434021,5.766074481266224,5.436235642742075,5.53490545719933,132425885
2002-07-12,5.7331862449646,5.826218074354907,5.685261144246518,5.739764575728019,67653274
2002-07-15,5.713450908660889,5.75197929850626,5.450332212588075,5.666465700989369,99311098
2002-07-16,5.707813262939453,5.7491613045494026,5.576253906264648,5.666466073058619,93055565
2002-07-17,5.790506839752197,5.870382405057708,5.7482193499024605,5.7698332491989595,84019162
2002-07-18,5.680559158325195,5.826214565037571,5.653307246066843,5.776409727892079,116598874
2002-07-19,5.348842144012451,5.633574711189964,5.324409446918814,5.469125011925633,501891034
2002-07-22,5.267088890075684,5.5583990021248475,5.2464152939482025,5.519871459266528,214499578
2002-07-23,4.995510101318359,5.376094120941213,4.9898720813739645,5.243594477212875,172892016
2002-07-24,5.238895893096924,5.252052124642838,4.797231409476066,4.886503678082023,148574131
2002-07-25,5.01430606842041,5.271787636311737,4.955104075658177,5.144925979898612,101386771
2002-07-26,5.165598392486572,5.188151750487866,5.009606355833997,5.009606355833997,78383290
2002-07-29,5.427778720855713,5.478523033493678,5.257690561249482,5.26238912448872,97575667
2002-07-30,5.4785237312316895,5.569676210373593,5.3723361033280765,5.388311135203144,81950141
2002-07-31,5.364818572998047,5.445634471087089,5.268028493997896,5.43059889574058,83907965
2002-08-01,5.190032482147217,5.329110081332827,5.1684194253910185,5.28682342523416,69275606
2002-08-02,5.159021377563477,5.227620494596972,5.032160580124235,5.181574739447342,81953942
2002-08-05,5.013365745544434,5.20412707414935,4.952284422863277,5.09793988464142,69332630
2002-08-06,5.193789482116699,5.262388583530695,5.097939312926777,5.097939312926777,75379075
2002-08-07,5.216344356536865,5.278364716517243,5.003968679293265,5.245474344474969,80783050
2002-08-08,5.359179973602295,5.378914112451161,5.133649330860783,5.181574853285411,69976051
2002-08-09,5.377035140991211,5.442814609440344,5.221043075708873,5.309375480434019,57616099
2002-08-12,5.446572303771973,5.457848768986003,5.253930808797563,5.308434220840586,50942390
2002-08-13,5.267088890075684,5.61196297164027,5.267088890075684,5.422141073964083,87636384
2002-08-14,5.401468753814697,5.412745224742179,5.153384689951362,5.234199753152218,87261926
2002-08-15,5.51517391204834,5.525510924949984,5.309376518373569,5.430599745682871,76437821
2002-08-16,5.5414838790893555,5.59974640587538,5.390190819162963,5.45503082366414,62384256
2002-08-19,5.813061237335205,5.82527801438499,5.5208112471936115,5.534906938746261,83352931
2002-08-20,5.6768012046813965,5.783929110142812,5.6241771347883835,5.688077669411486,93697085
2002-08-21,5.675863265991211,5.760437412886981,5.577193427946146,5.714391658811776,72148666
2002-08-22,5.768894195556641,5.769833652636655,5.576253112820582,5.674922935685393,44046288
2002-08-23,5.652369499206543,5.7275460801937825,5.553699251849156,5.722847517265549,45661968
2002-08-26,5.566857814788818,5.6721055832827405,5.500138874651336,5.6533113236993735,40701830
2002-08-27,5.375154972076416,5.570614858645532,5.357300176567547,5.556519169179615,42289949
2002-08-28,5.205066204071045,5.375154780439373,5.178754592031012,5.346962976648131,54892253
2002-08-29,5.361058235168457,5.383610737697308,5.14586425504579,5.165597535059374,59831482
2002-08-30,5.311254978179932,5.41650271858841,5.304676222524895,5.314073775673503,32877187
2002-09-03,5.118613243103027,5.304676015369602,5.089482405178799,5.273665837234866,47005834
2002-09-04,5.223861217498779,5.239836248813033,5.036858979535881,5.143046177847152,63522835
2002-09-05,5.13834810256958,5.211645788003417,5.115794739278231,5.1637202636408235,47249136
2002-09-06,5.3046770095825195,5.322532235454697,5.203188360548474,5.210706574528664,48495110
2002-09-09,5.543363571166992,5.572494836409257,5.22480112312916,5.262389632672955,87863530
2002-09-10,5.623237609863281,5.658006886471086,5.521749002654431,5.534905232900928,75961670
2002-09-11,5.490740776062012,5.680562693911201,5.4587902824108,5.636396273430465,60291475
2002-09-12,5.436236381530762,5.548061590235871,5.419321042859072,5.449391762369311,50405414
2002-09-13,5.450332164764404,5.493558265855037,5.357300355660613,5.367636939429128,30623789
2002-09-16,5.436236381530762,5.482281704991498,5.3798527710208335,5.440934944762503,25518240
2002-09-17,5.377035140991211,5.550882004534588,5.3648183638668865,5.5208112808783785,36120902
2002-09-18,5.464426517486572,5.494497234841257,5.335686831067235,5.346962870977693,44888342
2002-09-19,5.367636203765869,5.472883922365458,5.365757289735864,5.398646802550298,42092266
2002-09-20,5.352602005004883,5.4127434474469,5.315013071147944,5.395828959541956,61966080
2002-09-23,5.261449813842773,5.346963411658968,5.188152140097085,5.314073468068617,66662957
2002-09-24,5.240777492523193,5.361060829171308,5.215404477608804,5.234199161516437,62627558
2002-09-25,5.321591377258301,5.356361087689491,5.216344066381415,5.284942326608692,60677338
2002-09-26,5.325350761413574,5.406165801938509,5.235137741712574,5.3319286654535185,48282221
2002-09-27,5.403346538543701,5.479463014781863,5.25393195772439,5.298098797089793,51988781
2002-09-30,4.962621688842773,5.256751424874552,4.925972211957222,5.256751424874552,162812074
2002-10-01,5.02839994430542,5.048134076719178,4.863950260405579,4.991751327953518,95832634
2002-10-02,5.008666515350342,5.14022628094756,4.952284184530322,4.971078010893994,77368262
2002-10-03,4.877108097076416,5.062231431327396,4.811327775985068,4.98047607799675,89387021
2002-10-04,4.919394493103027,4.933490610075214,4.769980337708023,4.863012154537087,111773693
2002-10-07,4.758703708648682,4.908118284842274,4.719235860058419,4.858313426111077,72820598
2002-10-08,4.916575908660889,5.014305433233889,4.759643547095974,4.848916253580774,79037165
2002-10-09,4.981415271759033,5.013365329084664,4.816025261720194,4.849855084894557,81876960
2002-10-10,5.007727146148682,5.074446487210994,4.887444270468876,5.030280078872518,93120192
2002-10-11,5.290580749511719,5.290580749511719,5.05095318074686,5.054712286728869,90643450
2002-10-14,5.403346538543701,5.44093547391784,5.215403565131248,5.215403565131248,57099082
2002-10-15,5.451272487640381,5.6194813364559435,5.370457441351733,5.560279344145043,123219360
2002-10-16,5.448451995849609,5.459728462673943,5.288701268419917,5.409923606179898,90690019
2002-10-17,5.464426517486572,5.600685267304165,5.418380771462008,5.511412572300407,109502237
2002-10-18,5.634515762329102,5.663646174367902,5.23419798560269,5.281184046018942,156944304
2002-10-21,5.922067642211914,5.953078248690979,5.624178780292423,5.635456100050891,121845082
2002-10-22,5.838432788848877,5.862865062809954,5.765135541101118,5.814000940752331,89828957
2002-10-23,5.977510452270508,5.981269132678504,5.766075523233196,5.774533192947993,61306502
2002-10-24,5.832794189453125,6.056445884766156,5.8168195854805385,6.002882349023147,71733341
2002-10-25,5.825278282165527,5.840313431660754,5.757618618910927,5.822458632687892,47626445
2002-10-28,5.693716049194336,5.910790244775329,5.6711635441712795,5.876960422579556,55912032
2002-10-29,5.749161243438721,5.807422495327696,5.662706906418474,5.720969435901107,57272054
2002-10-30,5.874142646789551,5.910791272318979,5.70405490093854,5.764196344336717,61596374
2002-10-31,5.942739963531494,6.0489279944521055,5.914549438300307,5.920187458173648,73051546
2002-11-01,6.088397026062012,6.095914386835426,5.823397282863094,5.884479458995636,59879952
2002-11-04,6.101552486419678,6.244389156796596,6.079939435119458,6.092155359466698,68054342
2002-11-05,6.212438106536865,6.218076126292406,6.063963439142743,6.063963439142743,42171149
2002-11-06,6.202102184295654,6.235932014533949,6.082758321205575,6.184247811920462,49748688
2002-11-07,5.982208728790283,6.12222574230833,5.909851366287323,6.097793894963637,59979744
2002-11-08,5.999124050140381,6.051747276635048,5.928645602089632,5.9295850592115995,39765686
2002-11-11,5.814939975738525,5.994425253462882,5.802723200848136,5.994425253462882,43050269
2002-11-12,5.900454521179199,5.9737526271854176,5.82621738380028,5.856288106819669,35678016
2002-11-13,5.932404041290283,5.965294410603315,5.826216850276738,5.860986133892251,44013024
2002-11-14,6.123166084289551,6.129743987655906,6.001003014124504,6.001003014124504,42592176
2002-11-15,6.199282169342041,6.211498092323882,6.014158874232893,6.1034315703079915,39853123
2002-11-18,6.356212615966797,6.478375658482981,6.239688870139926,6.248146537580624,81804730
2002-11-19,6.120346546173096,6.332722204783703,6.098733495558495,6.300771292773871,81636509
2002-11-20,6.329902172088623,6.365610910521203,6.111888506217812,6.130683184252935,56163888
2002-11-21,6.498111248016357,6.500929619400126,6.296072603125519,6.347757224554909,85265136
2002-11-22,6.586444854736328,6.624972393985064,6.41823602621447,6.432331716689593,62572435
2002-11-25,6.484014511108398,6.601479006545898,6.413536495229064,6.594900677958226,56063146
2002-11-26,6.346817493438721,6.4652214680385445,6.3261438985037906,6.456764649659354,43024608
2002-11-27,6.5422773361206055,6.578925957194701,6.430451281141202,6.43233104703382,44898797
2002-11-29,6.476497173309326,6.575166133868285,6.475556438736664,6.575166133868285,15007766
2002-12-02,6.648465156555176,6.65786228346101,6.528182272852126,6.562012100058945,61074605
2002-12-03,6.4736785888671875,6.5967811166828625,6.448306432424165,6.582685426896236,59136739
2002-12-04,6.41353702545166,6.466160251587699,6.305469646645811,6.420114502854152,56459462
2002-12-05,6.375947952270508,6.448306164190211,6.347756999734453,6.446425972407401,45253296
2002-12-06,6.440788269042969,6.449245938497838,6.211498550453036,6.23029280364449,82209600
2002-12-09,6.340239524841309,6.429512233487673,6.318626472913305,6.404140075150564,51380525
2002-12-10,6.408839702606201,6.479317737951994,6.3383612413958135,6.368431966339326,38586240
2002-12-11,6.351515293121338,6.466160147483921,6.290434398741529,6.3665508653734335,43948397
2002-12-12,6.458643436431885,6.46146223388105,6.376888941386031,6.400381333361514,45999360
2002-12-13,6.334600925445557,6.4548838022596655,6.314866789727719,6.402260575984136,54875146
2002-12-16,6.5103278160095215,6.522544166797628,6.345878086574201,6.37970791554672,47341325
2002-12-17,6.586444854736328,6.631550723565089,6.493413042081792,6.502810169065207,51139123
2002-12-18,6.518784523010254,6.551674464037706,6.46428110699186,6.546975901033784,37321258
2002-12-19,6.458643436431885,6.593961896844652,6.399441450302093,6.512207401798798,46670342
2002-12-20,6.562952041625977,6.568590062666882,6.437030702139669,6.499051488777053,46773936
2002-12-23,6.5873847007751465,6.626852551262404,6.53476019035119,6.546976967188248,33129043
2002-12-24,6.548855781555176,6.5836250654808905,6.500929838749434,6.573288055673325,13356922
2002-12-26,6.353395938873291,6.62027418932165,6.328963662910873,6.546036626610163,52101878
2002-12-27,6.298892498016357,6.378767650234119,6.24908764062743,6.353395492957355,31279565
2002-12-30,6.369370460510254,6.425753220952804,6.305469913502458,6.342119389173365,41138064
2002-12-31,6.3731303215026855,6.416356428244711,6.2753999363092205,6.370310672109187,30217018
2003-01-02,6.516904830932617,6.535698656068547,6.343997466210204,6.409777344711622,72765475
2003-01-03,6.571409225463867,6.577987129123541,6.474618307318433,6.540398195644251,48452342
2003-01-06,6.859899997711182,6.929438991437364,6.542277878941361,6.55919236646236,125062186
2003-01-07,6.819491386413574,6.891849589482147,6.7499524060131,6.853321206701854,67424227
2003-01-08,6.752773284912109,6.850503658071301,6.669138601797217,6.784722919468847,71892058
2003-01-09,6.90876579284668,6.966088439858428,6.801638711718478,6.806337701244177,68634086
2003-01-10,6.8937296867370605,6.953871126612218,6.784722847865747,6.842985373458929,54213667
2003-01-13,6.951052188873291,7.0290475667180266,6.892789668026872,6.9200407367277155,54677462
2003-01-14,6.9707865715026855,6.972665911677757,6.821372426684203,6.920041405724015,42680563
2003-01-15,6.906885623931885,6.985821739487782,6.873995682249721,6.956690477937777,46709309
2003-01-16,6.6954498291015625,6.859899536785844,6.643766061122435,6.859899536785844,86736355
2003-01-17,7.03374719619751,7.057240440202961,6.765929921120382,6.818553152372706,137075242
2003-01-21,7.119261741638184,7.182222413655624,6.9284999593064205,7.043145260852174,108576547
2003-01-22,7.072274684906006,7.1380545672980205,6.986761093315086,6.986761093315086,99402336
2003-01-23,7.113622188568115,7.132416867388394,7.029048050267194,7.080732671760054,59845738
2003-01-24,7.074155330657959,7.118321746100294,6.964209020682272,7.107045703789214,67779677
2003-01-27,6.924740314483643,7.046902960682553,6.915343613717483,6.9566908005466885,68268182
2003-01-28,6.900308132171631,6.991459745033762,6.8617797445074675,6.952931357369598,74389709
2003-01-29,7.041264533996582,7.047842437085663,6.822311410960602,6.882453273445986,72455645
2003-01-30,6.972665309906006,7.06193800623036,6.972665309906006,7.048781774411232,52286256
2003-01-31,7.0628767013549805,7.094827607449468,6.018856804669493,6.9519909680482534,61696166
2003-02-03,6.957629680633545,7.404933467365666,6.93601663186715,7.075094179639273,51694157
2003-02-04,6.869297027587891,6.941655669366157,6.7988190035607445,6.940715786355124,50077526
2003-02-05,6.909707069396973,7.013075497159155,6.860842505492454,6.917225284271826,51094454
2003-02-06,6.874935150146484,6.928498684368648,6.827949944962688,6.900308157468681,38572934
2003-02-07,6.8006978034973145,6.921920549744663,6.731159246495101,6.883392165597957,41779584
2003-02-10,6.91252326965332,6.925679500321643,6.756531248397586,6.794119322960697,44233517
2003-02-11,6.897489070892334,6.995219446959065,6.868357806921631,6.925680877684186,34152624
2003-02-12,6.891852378845215,6.986763124078773,6.868359131012192,6.869298588372154,32125421
2003-02-13,6.888092517852783,6.91628432699366,6.765930282853399,6.88433341123053,48494160
2003-02-14,7.0478434562683105,7.0478434562683105,6.876815821897545,6.903127438058768,48494160
2003-02-18,7.187860488891602,7.193498935709038,7.043144896466048,7.049723226374579,50544173
2003-02-19,7.234846591949463,7.240485039129915,7.141815194524133,7.141815194524133,54924566
2003-02-20,7.216050624847412,7.262096796930928,7.171884218621399,7.221689070690941,34535635
2003-02-21,7.362646102905273,7.37016346302514,7.174703582618668,7.2113526295932555,57495398
2003-02-24,7.3062639236450195,7.376741948452201,7.288409127289466,7.336334218227512,40361587
2003-02-25,7.296866416931152,7.312841446411993,7.2245086298488665,7.2536394657575745,45540317
2003-02-26,7.205715656280518,7.29780716935022,7.197257985620416,7.249882072401319,32324054
2003-02-27,7.274315357208252,7.2827721768155955,7.173765313706859,7.242364438290911,47176906
2003-02-28,7.369224548339844,7.390838024936521,7.271494600943385,7.2733735152471475,42513293
2003-03-03,7.287469387054443,7.462255256547573,7.2827703979943275,7.376741661906346,46267373
2003-03-04,7.337274074554443,7.375802036359878,7.259277842115605,7.278072094468843,41106701
2003-03-05,7.411511421203613,7.432185441285942,7.312842013612571,7.318479608426765,39106109
2003-03-06,7.410572052001953,7.421848945222392,7.35512959827905,7.376742224069733,29307485
2003-03-07,7.508303642272949,7.523339217566433,7.3325765803910565,7.333516037681529,56906150
2003-03-10,7.466953754425049,7.500783577553827,7.433123931296271,7.447220045820335,38653718
2003-03-11,7.411511421203613,7.507362457252102,7.391777710031222,7.489508512170498,34689600
2003-03-12,7.429365634918213,7.433124315075703,7.2226288572370745,7.392716586992396,55711498
2003-03-13,7.79115629196167,7.808071634002453,7.457558661928654,7.5036048462896225,99898445
2003-03-14,7.88512659072876,7.909559291695162,7.7648437037498415,7.808070659039768,72034618
2003-03-17,8.17549991607666,8.194294174631292,7.8381435712315355,7.851298530144628,95185411
2003-03-18,8.276987075805664,8.282624670389696,8.096561904161337,8.17737736337138,76496746
2003-03-19,8.25725269317627,8.292021977223898,8.146366937434838,8.27604779853806,69808781
2003-03-20,8.377534866333008,8.397268573451324,8.185832833619125,8.233758767662051,69426720
2003-03-21,8.437676429748535,8.455531223173317,8.304236911021865,8.429218761537493,70800998
2003-03-24,8.227182388305664,8.36344030111116,8.180195902552448,8.33055078315879,72732211
2003-03-25,8.335247993469238,8.423580805262528,8.227181473099739,8.23187961011499,62550576
2003-03-26,8.466809272766113,8.49875933573332,8.297660978755944,8.32397259491032,92031034
2003-03-27,8.436737060546875,8.482782378363146,8.368137108870842,8.417941958194872,78418454
2003-03-28,8.390691757202148,8.45365241811619,8.344645582903437,8.424520730432812,43805837
2003-03-31,8.016688346862793,8.241279121311788,7.925535434055589,8.225304088069603,131734944
2003-04-01,8.092803955078125,8.16422144239984,8.035480881354498,8.082467370389558,76508150
2003-04-02,8.346526145935059,8.36250117696653,8.22248372647998,8.245976970292151,68359421
2003-04-03,8.377534866333008,8.464927362883657,8.326790561326531,8.407605155504408,63692957
2003-04-04,8.337127685546875,8.409484616352772,8.279804622710971,8.409484616352772,55032912
2003-04-07,8.377534866333008,8.589910063153058,8.373775334923787,8.545742808790443,64107331
2003-04-08,8.389751434326172,8.417942813123902,8.325851316409588,8.396330189268426,51417590
2003-04-09,8.171738624572754,8.387872528915581,8.128511673358386,8.385993614697838,89068637
2003-04-10,8.335247993469238,8.350282713301224,8.176437164344357,8.2065074557373,57215030
2003-04-11,8.296719551086426,8.401027385434524,8.216844412638492,8.345584942886754,42878246
2003-04-14,8.245038032531738,8.25631492771361,8.129453263834534,8.15670519270456,71663962
2003-04-15,8.285444259643555,8.30423851369823,8.18771430890506,8.202749882494617,56197152
2003-04-16,8.307995796203613,8.387871788360052,8.230939878582847,8.359679560292767,55970006
2003-04-17,8.476205825805664,8.496879845475323,8.275106630727013,8.291082512857107,70560547
2003-04-21,8.527891159057617,8.645355691535313,8.457413120954378,8.489363187607292,56794003
2003-04-22,8.384112358093262,8.43861619737659,8.324910381894586,8.424520083172641,113591808
2003-04-23,8.863364219665527,8.906591160065455,8.694215989018785,8.790066993743462,170541677
2003-04-24,8.893436431884766,8.927266252448957,8.793826735895891,8.833294150113355,58902941
2003-04-25,8.783491134643555,8.837054668297572,8.725229463799048,8.739324727099524,73787155
2003-04-28,8.796647071838379,8.832355810896445,8.697976820349778,8.748721131753507,58137869
2003-04-29,8.711133003234863,8.798525506035125,8.636895454391974,8.787249466187818,53291779
2003-04-30,8.730866432189941,8.793827087440468,8.646292303262959,8.665087405864565,54426557
2003-05-01,8.711133003234863,8.758118631921064,8.658508928760522,8.681061860184105,48779280
2003-05-02,8.949820518493652,8.963916634053719,8.667906724582695,8.670725947694708,65630822
2003-05-05,8.833296775817871,8.9836516732106,8.833296775817871,8.918812087228602,50167814
2003-05-06,8.95921802520752,9.000565213056857,8.840814056393768,8.849271726088771,63315648
2003-05-07,8.859607696533203,8.937603070036207,8.83329438290362,8.908471385370166,42785107
2003-05-08,8.764695167541504,8.855847187800848,8.751539363907362,8.791947083447111,40217126
2003-05-09,8.896256446838379,8.914111241562395,8.74214375246457,8.818260216715924,40757904
2003-05-12,8.902836799621582,8.962978251569375,8.763758787030012,8.768457777136312,48531226
2003-05-13,9.16031551361084,9.20354246348439,8.869944916906462,8.88498048882713,107477885
2003-05-14,9.174412727355957,9.247709978121339,9.068225105841467,9.193206981575706,56067898
2003-05-15,9.216696739196777,9.299391945165429,9.09735334418466,9.176289019000622,69344986
2003-05-16,9.321005821228027,9.3990020496339,9.189446913286913,9.208241164668353,87866381
2003-05-19,9.077621459960938,9.284359109900498,9.068225184498656,9.251468738866102,60148915
2003-05-20,9.185689926147461,9.231736110305894,8.998687669311076,9.092658100519978,60106147
2003-05-21,9.120850563049316,9.205424727686227,9.05601096637153,9.153740941828321,50893920
2003-05-22,9.336982727050781,9.338862493258464,9.083261134116292,9.123668867883783,49796208
2003-05-23,9.344499588012695,9.396183356360275,9.280598618676704,9.331342929920952,52445923
2003-05-27,9.683736801147461,9.71192818333727,9.264624748913143,9.291876673882028,111325104
2003-05-28,9.508010864257812,9.724144800295715,9.491095523443446,9.583187885488387,83835734
2003-05-29,9.411222457885742,9.563456300435492,9.338864644027396,9.523988014817606,63735725
2003-05-30,9.552178382873535,9.599164026572138,9.384909831998208,9.414980132927768,45412013
2003-06-02,9.342618942260742,9.608556798452899,9.326643064090925,9.579425968087484,54281146
2003-06-03,9.306912422180176,9.354838373395836,9.18475060428827,9.303154592882278,63642586
2003-06-04,9.646149635314941,9.675280478783737,9.258048986327205,9.268385572384668,85738435
2003-06-05,9.499550819396973,9.587884478646835,9.400881429559256,9.585064404153519,63486720
2003-06-06,9.11239242553711,9.595405533615404,9.052250970769201,9.583189180841245,86314378
2003-06-09,9.114273071289062,9.243953110140838,9.040974954422582,9.124609657617953,63260525
2003-06-10,9.116148948669434,9.148099857845498,9.05318829083871,9.148099857845498,46445098
2003-06-11,9.31912612915039,9.345437738196281,9.067282670626044,9.13682122458638,79260509
2003-06-12,9.477002143859863,9.519288797052582,9.383030005336547,9.429076191384416,74083680
2003-06-13,9.32664680480957,9.505192241516244,9.303154410054871,9.467603728525367,46563898
2003-06-16,9.552178382873535,9.565334192763295,9.354838679339405,9.43001570925717,66240979
2003-06-17,9.563451766967773,9.693131755274058,9.513646917759472,9.564391223978063,61600176
2003-06-18,9.662123680114746,9.758914181050448,9.490156157227362,9.523985987451448,74851603
2003-06-19,9.575671195983887,9.75327719242007,9.566274066834819,9.660245358325504,48332592
2003-06-20,9.577547073364258,9.687493354589702,9.536199892244003,9.663061510106552,67040266
2003-06-23,9.613259315490723,9.613259315490723,9.487337971596979,9.581308399151077,52687325
2003-06-24,9.571908950805664,9.690312042080267,9.533380142857615,9.601979239173465,54287798
2003-06-25,9.473238945007324,9.653663234792997,9.46384181996446,9.573788097793095,51496474
2003-06-26,9.690312385559082,9.735418245574031,9.453505342887224,9.50049011689426,59342976
2003-06-27,9.618896484375,9.789924545779051,9.602921452778073,9.726024419391347,53484710
2003-06-30,9.773009300231934,9.939337507407767,9.594463039605786,9.709108327062907,62590493
2003-07-01,10.017333030700684,10.038946505935984,9.647087283880463,9.724143206978573,81109987
2003-07-02,10.267297744750977,10.317102603126342,9.991961837911658,10.048344600027646,82175386
2003-07-03,10.349054336547852,10.426110273175674,10.173327280803637,10.173327280803637,57687379
2003-07-07,10.704267501831055,10.730579123982892,10.44960554554248,10.474037401085193,66867293
2003-07-08,10.693927764892578,10.798236477102167,10.555790074823317,10.721179690357054,66990845
2003-07-09,10.791658401489258,10.85179985136635,10.583041815649297,10.611234051857986,78168499
2003-07-10,10.532295227050781,10.676071342123997,10.49282780831163,10.586799069684384,71907264
2003-07-11,10.625326156616211,10.646939630125551,10.477791373579441,10.53981257132547,53023766
2003-07-14,10.708023071289062,10.831125177583122,10.684529828284683,10.742792355483124,54190858
2003-07-15,10.630966186523438,10.792597107558198,10.582100786658305,10.774742311187621,45267552
2003-07-16,10.595259666442871,10.675134834816573,10.449604596931726,10.670436696314235,43687037
2003-07-17,10.356571197509766,10.559549317748939,10.281394179030746,10.502226244948307,53706154
2003-07-18,10.347172737121582,10.430807421807549,10.260719680929963,10.410134253725,50141203
2003-07-21,10.436448097229004,10.440206778435035,10.261661329720644,10.341537351062762,39219206
2003-07-22,10.446782112121582,10.516320678369421,10.309584745630863,10.468395588397918,46268323
2003-07-23,10.725878715515137,10.802935508634345,10.534178319355853,10.593380313101141,55272413
2003-07-24,10.876229286193848,11.075448684000726,10.820785991194965,10.853676355734128,92151734
2003-07-25,10.547331809997559,10.554850022665276,10.253201648540589,10.341535324079457,124214429
2003-07-28,10.420472145080566,10.595258897187158,10.371606738520295,10.588680992723917,59653757
2003-07-29,10.1620512008667,10.365029330164111,10.112246338728813,10.341536084976436,85745088
2003-07-30,10.163928031921387,10.23252713545596,10.066198093916302,10.150772226143026,61368278
2003-07-31,10.083114624023438,10.256022455238348,10.069019358325654,10.235348433588563,66748493
2003-08-01,9.893293380737305,10.127281269792606,9.868860677793444,10.064320597885992,73894550
2003-08-04,9.712865829467773,9.882954399841442,9.566270499069553,9.852883257087822,100918224
2003-08-05,9.605738639831543,9.799319595879494,9.603859725765009,9.679976186954455,72068832
2003-08-06,9.536202430725098,9.780526902696874,9.464784088835914,9.603862091826253,89700653
2003-08-07,9.534321784973145,9.694072943425976,9.501431414721255,9.539020774321592,62073475
2003-08-08,9.444110870361328,9.641450553880258,9.372692528837216,9.599163052975909,72188582
2003-08-11,9.571908950805664,9.585063903470745,9.397122258917548,9.42437332466823,55223942
2003-08-12,9.719442367553711,9.72508081249445,9.472298764363474,9.581304725149824,53599709
2003-08-13,9.518346786499023,9.757973950853412,9.508010202318188,9.745756748851935,56654294
2003-08-14,9.650847434997559,9.663064638788189,9.516468414051147,9.519288489466009,38876112
2003-08-15,9.685613632202148,9.742936693201552,9.590702921430603,9.640507771092427,22797245
2003-08-18,10.17332649230957,10.17332649230957,9.744817329134515,9.752335541800552,70428442
2003-08-19,10.35844898223877,10.463697137322646,10.125400591061782,10.138556397515012,90935222
2003-08-20,10.37066650390625,10.454301192815928,10.263539422492888,10.269177017517972,55502410
2003-08-21,10.581160545349121,10.610292232369387,10.389459343913208,10.448661323312814,69245194
2003-08-22,10.42892837524414,10.728696974202059,10.422349619960478,10.650699885245375,61745587
2003-08-25,10.47685432434082,10.480613005004317,10.370666698154501,10.417652335771052,39236314
2003-08-26,10.539813041687012,10.567064110247545,10.363146565928485,10.452419686731847,49056797
2003-08-27,10.477791786193848,10.563306226581076,10.430806157525195,10.52853694653917,34747574
2003-08-28,10.291731834411621,10.505986018678412,10.187423965937441,10.490950443072327,67151462
2003-08-29,10.413891792297363,10.496586159018685,10.214673235476369,10.316161853882443,43582968
2003-09-02,10.289851188659668,10.603715050317952,10.27105608351719,10.594317923611241,52885958
2003-09-03,9.86509895324707,10.402614891660974,9.851943999153818,10.374424365887036,75516883
2003-09-04,10.077474594116211,10.11506309586798,9.551234717862524,9.835028246779945,78423206
2003-09-05,9.93276309967041,10.156415306882856,9.866984040760121,9.942161081491154,43503134
2003-09-08,9.833151817321777,10.130101226538233,9.773010369668496,9.962831840440703,44709667
2003-09-09,9.56063461303711,9.810598392447202,9.496735333967866,9.748578027972506,61514640
2003-09-10,9.662123680114746,9.857584448226605,9.477940657716452,9.519287849444044,60548083
2003-09-11,9.716626167297363,9.866980190082423,9.679036809872064,9.77300892584176,36801864
2003-09-12,9.889533042907715,9.895171489547815,9.585066293362328,9.729781881236402,34917221
2003-09-15,10.12633991241455,10.18272266936881,9.960951173398602,10.036128182670945,49102416
2003-09-16,10.318042755126953,10.355631265735491,10.092511691475728,10.147015542895595,37789330
2003-09-17,10.329319953918457,10.438325956517712,10.205278376286113,10.297369889303877,32865307
2003-09-18,10.449605941772461,10.470279116610131,10.214677693189715,10.30676922594241,38446056
2003-09-19,10.319924354553223,10.71272401949668,10.28985405176227,10.505987174425535,42082286
2003-09-22,10.16956901550293,10.20903644268687,10.060563010369885,10.177086377329626,42626390
2003-09-23,10.404497146606445,10.440205892627885,10.169568944546485,10.248504650092794,38613326
2003-09-24,10.299249649047852,10.75970806557373,10.278574775195155,10.47967399414294,64748376
2003-09-25,10.423287391662598,10.663854819729158,10.246622629682827,10.344352561771231,50540371
2003-09-26,10.190239906311035,10.48342970338279,10.16580721028949,10.383820857010914,36384638
2003-09-29,10.458999633789062,10.481551716164798,10.214674335573983,10.327439006098023,31540925
2003-09-30,10.081233024597168,10.430805571204937,10.017332062162318,10.417649766263002,43697966
2003-10-01,10.2804536819458,10.289850808305154,9.857582995774887,10.060561095482731,65174630
2003-10-02,10.355629920959473,10.406374233345542,10.207155664028187,10.235347043323674,32443330
2003-10-03,10.778501510620117,10.919458418870377,10.496587694119597,10.539814649662164,61620134
2003-10-06,10.833005905151367,10.88562913883204,10.688290309071217,10.872474182141021,25310102
2003-10-07,10.786017417907715,10.846158853642503,10.618749768416668,10.716478856222833,35322091
2003-10-08,10.988995552062988,11.144988013794789,10.765344294261402,10.834882856220206,55203509
2003-10-09,11.323532104492188,11.577254476946969,11.19948971504496,11.25963114409587,66547008
2003-10-10,11.363004684448242,11.370521194806477,11.199493967618524,11.332933532639986,26857354
2003-10-13,11.0867280960083,11.135592647827082,10.765345995762024,11.007792395586323,71784662
2003-10-14,11.000272750854492,11.163782577246423,10.994634304759112,11.017188089140634,35658533
2003-10-15,10.82548713684082,11.137472100842132,10.791657308545759,11.135592334708866,37125475
2003-10-16,10.806693077087402,10.957047966854837,10.77098433374495,10.795416183542882,66577421
2003-10-17,10.310522079467773,10.349990343611658,10.092508447325216,10.225947957784191,161624549
2003-10-20,10.637543678283691,10.684529310285457,10.282332641041954,10.293608681684958,58995130
2003-10-21,10.605594635009766,10.70708326916578,10.522899403726058,10.583040848104774,43840051
2003-10-22,10.445841789245605,10.474033166609267,10.336834959760315,10.39321771448764,35421883
2003-10-23,10.201518058776855,10.400737496245732,10.109425701115955,10.318042265791304,46667016
2003-10-24,10.32555866241455,10.327437576487897,10.017332433219178,10.141374831218247,37189627
2003-10-27,10.500346183776855,10.552969409581875,10.38006245630919,10.496586651880193,32495602
2003-10-28,10.81232738494873,10.81232738494873,10.496584682444189,10.586797248186427,48272242
2003-10-29,10.750309944152832,10.878111042448424,10.59619723079451,10.75782815683439,44015875
2003-10-30,10.699563980102539,10.987116194037108,10.665734157569833,10.936371034373568,46719763
2003-10-31,10.51162338256836,10.802934329460285,10.50598493583108,10.725877544752066,28096675
2003-11-03,10.808571815490723,10.827365216729367,10.438324350644109,10.479672388556246,38731651
2003-11-04,10.853679656982422,11.007793240744952,10.71272273407464,10.754070779510945,32860080
2003-11-05,10.769104957580566,10.848041511792662,10.656339424968031,10.78038185153348,28616544
2003-11-06,10.509746551513672,10.78226244605976,10.432689751530301,10.737156566678307,35755949
2003-11-07,10.549208641052246,10.70520107682517,10.539811516628925,10.630024081438592,29916216
2003-11-10,10.28421401977539,10.620630856973028,10.25414201815775,10.581162579210549,27329702
2003-11-11,10.17332649230957,10.393219094599809,10.15077355776964,10.269176677036553,37053245
2003-11-12,10.42892837524414,10.43268705559976,10.167687740457183,10.205277099200565,38709792
2003-11-13,10.568005561828613,10.628147854726855,10.383822557947221,10.45148135986414,33245942
2003-11-14,10.220309257507324,10.566123094621993,10.197756329300516,10.505981668827552,37233346
2003-11-17,10.013572692871094,10.299245960829822,9.866978231143001,10.143252671085593,46337227
2003-11-18,9.605738639831543,10.148892154168355,9.603859725765009,10.118821011814303,54416578
2003-11-19,9.96846866607666,10.045525442296203,9.515526838501335,9.662122178875894,63397382
2003-11-20,9.778648376464844,10.000420772514742,9.716628011676725,9.804959994755004,45392054
2003-11-21,9.744818687438965,9.885776464351718,9.538082715565638,9.878258250637737,49243075
2003-11-24,10.250383377075195,10.295489246605577,9.797441508737435,9.853824271514961,51632381
2003-11-25,10.387578964233398,10.507861830101557,10.252260527199482,10.274814309812594,44902123
2003-11-26,10.449605941772461,10.560491734411777,10.261662491176912,10.363151153872918,31473922
2003-11-28,10.504103660583496,10.53229418447578,10.43832293240509,10.457117182819228,10337976
2003-12-01,10.692047119140625,10.729636478047572,10.505984349301736,10.581161363657499,39282883
2003-12-02,10.611231803894043,10.720238637801105,10.594317317481313,10.626266524381354,28548115
2003-12-03,10.381943702697754,10.661977765190013,10.359390766746891,10.601836318744665,31229194
2003-12-04,10.50786304473877,10.549211083156392,10.272935731499736,10.357509870888245,26844523
2003-12-05,10.505985260009766,10.643183493447832,10.361269665176108,10.445843813657625,28427414
2003-12-08,10.472153663635254,10.59995474790442,10.28609090905607,10.4533594115877,27788746
2003-12-09,10.308645248413086,10.590559067610794,10.291730759952868,10.453360838588754,32238043
2003-12-10,10.412012100219727,10.477791981582497,10.248502279749495,10.38382157422181,35673264
2003-12-11,10.786017417907715,10.819847241673843,10.353749624203497,10.400736105682945,42327490
2003-12-12,10.840523719787598,10.876232465810698,10.641304263739821,10.770985142320455,34021944
2003-12-15,10.763465881347656,11.08860577425993,10.71460048324747,11.009670082638044,41537232
2003-12-16,10.823606491088867,10.891265285127163,10.62438708545223,10.712719896733017,35160048
2003-12-17,10.767223358154297,10.83300409270782,10.66761365095994,10.770982889984618,23038171
2003-12-18,11.276548385620117,11.276548385620117,10.797294934437327,10.806692060931105,55169770
2003-12-19,11.53403091430664,11.55846361657204,11.199492999215938,11.293464275829667,58887734
2003-12-22,11.782113075256348,11.829098706229644,11.479525271096708,11.524631987868482,50923382
2003-12-23,11.979455947875977,12.060271425235605,11.680627595191135,11.819705611322163,42261912
2003-12-24,12.032075881958008,12.116650011240244,11.919310376248358,11.926827735937422,15197371
2003-12-26,11.915553092956543,12.17867263711777,11.868566608341563,12.041474418745036,15274354
2003-12-29,12.058388710021973,12.079061875658327,11.815942354356196,11.915552057766368,27391478
2003-12-30,12.08094310760498,12.112893170975765,11.936227513469682,11.964419747889947,19303574
2003-12-31,12.142962455749512,12.15423934778645,11.96441791117736,12.111012397283526,25583818
2004-01-02,11.840376853942871,12.216261089860094,11.763320070283733,12.095978202504911,43278840
2004-01-05,12.144845008850098,12.206865374099625,11.832860009338436,11.898639907282409,62676504
2004-01-06,12.246331214904785,12.336543798752311,12.092218512185156,12.171154203653353,40537411
2004-01-07,12.253849983215332,12.28204051198503,12.07154504127337,12.23129619743306,30769675
2004-01-08,12.109135627746582,12.406084184383145,12.071546264875668,12.287681055669932,38499278
2004-01-09,11.915553092956543,12.120410111647594,11.902396434365244,12.107254304785343,32803531
2004-01-12,12.047111511230469,12.05650948914503,11.79714863607804,11.947502655046845,30862339
2004-01-13,12.3271484375,12.372254310018066,12.005767179418187,12.022681668680175,42584573
2004-01-14,12.394806861877441,12.479381003211136,12.272643361555259,12.282040488370114,30684614
2004-01-15,12.52260971069336,12.671083142741036,12.189950693475433,12.295198869233415,44629834
2004-01-16,12.57898998260498,12.642890956575453,12.406083017955543,12.601542916823764,33366643
2004-01-20,12.347822189331055,12.580870611795367,12.32526840183588,12.565835037374962,29017138
2004-01-21,12.099738121032715,12.33654522277219,12.0753054192099,12.321509648440525,52552368
2004-01-22,13.02817440032959,13.09583406558209,12.53200721263784,12.624098730376154,86463115
2004-01-23,13.033808708190918,13.06575961602486,12.823313268978582,13.01313554328954,39089952
2004-01-26,12.885334968566895,12.911647431822963,12.610938554737624,12.616577852287826,65890757
2004-01-27,12.686117172241211,12.966152067456752,12.686117172241211,12.87405971195805,32817787
2004-01-28,12.520727157592773,12.77069089758969,12.404203808852841,12.706790776866743,33952565
2004-01-29,12.609062194824219,12.684239216391859,12.240694448451121,12.556438109381041,42588374
2004-01-30,12.57898998260498,12.751897798983492,12.396685891053629,12.545160155412267,37087459
2004-02-02,12.332784652709961,12.62597447447896,12.312110634705089,12.535761894038883,29671963
2004-02-03,12.229419708251953,12.396688258356448,12.141086868851497,12.310235185386972,28358510
2004-02-04,12.306472778320312,12.516969093341512,12.141084033273714,12.186189899790234,33177038
2004-02-05,12.63537311553955,12.693635644736178,12.291438090470752,12.3102331965563,33235488
2004-02-06,12.73498249053955,12.751897830041644,12.51508989084497,12.610940074440515,23238230
2004-02-09,12.691757202148438,12.81204009380952,12.614700415730812,12.708671691006387,19883318
2004-02-10,12.663562774658203,12.755654267787461,12.562074155628856,12.686115706472615,16057958
2004-02-11,12.992462158203125,13.007497729962493,12.64852803225087,12.650406946390175,31525243
2004-02-12,13.007497787475586,13.146574910474461,12.907888082324453,12.926682334174517,27418090
2004-02-13,12.892852783203125,13.137178062421821,12.787605481654014,12.986824896170091,25785778
2004-02-17,13.005620002746582,13.062001911464035,12.92104586207681,12.960513283351933,18511891
2004-02-18,12.877819061279297,12.977427924531575,12.800762280397914,12.939839417121938,19522642
2004-02-19,12.860905647277832,13.15597528473037,12.840230774055872,13.00562124254012,22812451
2004-02-20,13.018774032592773,13.090193212822646,12.813917024892197,12.962392127883561,29791238
2004-02-23,12.72934341430664,13.043207267722122,12.659804848849049,12.96991002202637,32226638
2004-02-24,12.62785530090332,12.962393186777488,12.622216854453097,12.704911229959487,33664118
2004-02-25,12.629734992980957,12.718068672106286,12.44367221076918,12.706791778511398,32195750
2004-02-26,12.879697799682617,12.90037096743809,12.624096463825909,12.693635031238063,27617198
2004-02-27,12.911649703979492,12.945478681402033,12.770691940559361,12.81955734397056,24496560
2004-03-01,13.011258125305176,13.031932145665982,12.842109837102887,12.875939665089165,20381328
2004-03-02,12.77069091796875,13.062001845470617,12.7612946430042,12.983066151590116,20407464
2004-03-03,12.703031539916992,12.765051891894972,12.594024704875755,12.723704706666647,22445597
2004-03-04,12.755654335021973,12.812037942448677,12.652286801305156,12.703031111087299,15124666
2004-03-05,13.026294708251953,13.116507305961498,12.60530286951713,12.631616190264873,38604298
2004-03-08,13.1240234375,13.539376790249733,12.941719344634796,13.0056203190658,68167915
2004-03-09,13.17288875579834,13.28941295914509,13.005620237479675,13.071400125854511,40797821
2004-03-10,12.868422508239746,13.163491282487849,12.859024529239202,13.137179666819476,42957605
2004-03-11,12.67484188079834,12.928564324427473,12.648530264372898,12.78008919822924,44097134
2004-03-12,12.992462158203125,12.996221689939704,12.687995449924104,12.697392575807585,29316038
2004-03-15,12.746260643005371,13.054486095903197,12.71055104612519,13.02441494608085,29832581
2004-03-16,12.765049934387207,12.874056752712356,12.639128632067159,12.851504675205083,30367656
2004-03-17,13.08079719543457,13.082676109771027,12.718067927925865,12.802642069751409,27773064
2004-03-18,13.03193187713623,13.04508683276154,12.875939399773719,12.992463603343989,24769325
2004-03-19,12.83647346496582,13.077039260830057,12.823316804358,12.919167850828005,32799254
2004-03-22,12.411720275878906,12.780087104121241,12.231295115948255,12.7406188342211,48366806
2004-03-23,12.3177490234375,12.511329137815311,12.176792133320262,12.485017525685025,44005421
2004-03-24,12.449311256408691,12.52072874684792,12.236935996169452,12.323389913277904,38170915
2004-03-25,12.710551261901855,12.733105050516075,12.42112005979727,12.554558766542453,33884136
2004-03-26,12.554556846618652,12.73310310328783,12.554556846618652,12.657926090681459,25223616
2004-03-29,12.857145309448242,12.872180883071245,12.667323854111247,12.684238342106443,30379061
2004-03-30,13.129660606384277,13.133420138433443,12.763173518185898,12.800762024845122,29843986
2004-03-31,13.02065658569336,13.18040690095217,13.001861479024473,13.155975050913788,29044224
2004-04-01,13.578843116760254,13.578843116760254,12.979305991044308,12.981185756860276,66109824
2004-04-02,13.864517211914062,13.926538422540471,13.674695751183679,13.77054593876166,40343530
2004-04-05,13.932173728942871,13.98103912364677,13.778061888363435,13.86451493442475,19399565
2004-04-06,13.92654037475586,13.98104338013281,13.77618631663546,13.826930640905248,24369206
2004-04-07,13.888949394226074,14.048700552614989,13.826928185917502,13.947211070365757,29178230
2004-04-08,14.27235221862793,14.324975446522354,14.069374112496833,14.202812799984912,36501538
2004-04-12,14.321216583251953,14.38323608159325,14.159584824013196,14.281748313453594,25013578
2004-04-13,14.035545349121094,14.411430443856522,13.920900054535142,14.3963957214504,33206026
2004-04-14,14.106964111328125,14.244161493645528,13.870156153837964,13.907744664440902,27433296
2004-04-15,14.163345336914062,14.281749302782256,14.067494304609086,14.178380058136838,27624326
2004-04-16,14.069374084472656,14.234762831918363,13.98667885902075,14.232883917628193,28628424
2004-04-19,14.283628463745117,14.311819844118256,14.022388679645655,14.105083054715235,27742651
2004-04-20,13.902103424072266,14.44901648414216,13.894586064153843,14.324974083385387,35006558
2004-04-21,14.054336547851562,14.069372118717435,13.789337272993473,14.016747194822415,53064634
2004-04-22,15.522164344787598,15.62741247103074,14.285502694210217,14.601246221210857,124351762
2004-04-23,15.437594413757324,15.58042936219912,15.259048173018169,15.337984710595322,49155163
2004-04-26,15.332348823547363,15.499618219208843,15.01660599238214,15.050436676515966,46547266
2004-04-27,15.77777099609375,15.928125018771429,15.259049277164145,15.279722444244907,73330963
2004-04-28,15.653724670410156,15.909326785706728,15.586065036440822,15.728901662941052,45566928
2004-04-29,15.416919708251953,15.843549050908663,15.268446312446983,15.646208556601431,49812365
2004-04-30,15.041035652160645,15.524047781226631,14.99405087165118,15.383091736240164,49733006
2004-05-03,15.383091926574707,15.437595771683165,14.91135668410081,14.939547212063674,41881752
2004-05-04,15.548478126525879,15.665003158220417,15.266564375772461,15.3605356260236,44377978
2004-05-05,15.574788093566895,15.683795754438211,15.450745715623908,15.559753376495225,26919605
2004-05-06,15.21769905090332,15.53156285775662,15.041033440357078,15.428195333761282,41381366
2004-05-07,15.001569747924805,15.398128013049863,14.988413939914526,15.119973723475557,33359990
2004-05-10,14.57118034362793,14.901959558293974,14.443380096430184,14.734690184849004,63853574
2004-05-11,15.010966300964355,15.035399002994408,14.738450453138675,14.738450453138675,37776499
2004-05-12,15.181995391845703,15.200789647206122,14.571181240902973,14.962102774474642,48064579
2004-05-13,14.928268432617188,15.103055134960456,14.864368320750545,14.948941597407485,43936517
2004-05-14,14.838057518005371,15.04479428753438,14.66890925202709,14.932028776882193,39345134
2004-05-17,14.72341537475586,14.777919230693678,14.57494193796563,14.625686261147642,30280694
2004-05-18,14.8624906539917,14.958340829835532,14.806107897002734,14.881284906321353,24932318
2004-05-19,14.901959419250488,15.221461737721906,14.864370911195026,15.06170972675711,39829838
2004-05-20,15.048553466796875,15.121851566338517,14.879406889091449,14.9301512030947,33011669
2004-05-21,15.099299430847168,15.14440529830627,14.992170653376894,15.129368873514492,30263112
2004-05-24,15.43195629119873,15.597346747972173,15.138767292454208,15.16695782163965,50446282
2004-05-25,16.037132263183594,16.08411704723093,15.40188714886949,15.467666187227396,53961336
2004-05-26,16.24762535095215,16.302127485157246,15.954434701515973,15.967590506562573,45431021
2004-05-27,16.54833221435547,16.59155916244783,16.204397247156543,16.3491145144637,48182904
2004-05-28,16.68929100036621,16.87535460993552,16.444965719465735,16.57276595424585,41124283
2004-06-01,16.864078521728516,16.87159588234605,16.394222189906465,16.49571081688841,49381358
2004-06-02,16.70808982849121,16.95241517630366,16.6761397610462,16.912947746540734,39168835
2004-06-03,16.463764190673828,16.708089534182548,16.44121210411733,16.602841353210177,38488824
2004-06-04,16.553974151611328,16.743795598138725,16.4054990401024,16.623511014737105,40861973
2004-06-07,16.625391006469727,16.723120097481036,16.501348599168796,16.666737339931345,37065125
2004-06-08,16.726882934570312,16.732521381785233,16.516386583407876,16.54081928685307,28091448
2004-06-09,16.221311569213867,16.709960314911985,16.18372136966733,16.569004306307413,40629600
2004-06-10,16.426172256469727,16.450604956079722,16.151775817888034,16.287095122888296,31364150
2004-06-14,16.089752197265625,16.335958070710138,15.978867311973012,16.29461003831533,34399728
2004-06-15,16.435575485229492,16.514510352147187,16.230717547996072,16.238234911017948,34555594
2004-06-16,16.51450538635254,16.55021497929215,16.362272442964933,16.43181101106019,18897278
2004-06-17,16.322803497314453,16.55773252203458,16.22319548507859,16.537059353848814,27794448
2004-06-18,16.257028579711914,16.44121333607939,16.23071695836187,16.317170888619373,33028301
2004-06-21,16.127347946166992,16.39610601887435,16.09539957983059,16.288978913453743,30203237
2004-06-22,16.390464782714844,16.390464782714844,15.834154530843545,16.0070606433245,50254776
2004-06-23,16.60470962524414,16.60658853852887,16.311519090338056,16.379177003160297,39378874
2004-06-24,16.678014755249023,16.78138399906138,16.58592410745001,16.627270442208477,30847133
2004-06-25,17.050134658813477,17.20048863404505,16.67800925149834,16.69116505398535,64453752
2004-06-28,17.442941665649414,17.691026501961264,17.10652400512548,17.176062575176307,62821440
2004-06-29,17.256877899169922,17.439180271263698,17.149749128777696,17.335812736143556,39691080
2004-06-30,17.281307220458984,17.457974536369438,17.1102800534525,17.35272639380474,40303613
2004-07-01,17.025707244873047,17.324534640953384,16.93361490467504,17.29446349890323,31203058
2004-07-02,17.15351104736328,17.170426387693265,16.807697100296913,16.965568499668706,25156138
2004-07-06,16.884754180908203,17.13471795666952,16.766350197470825,17.119683233215838,27390053
2004-07-07,16.32656478881836,16.606599712237735,16.21004142453312,16.482557282840002,49151362
2004-07-08,15.72138500213623,15.963831351115838,15.431953877377387,15.595463690760083,72285523
2004-07-09,15.745817184448242,15.967590361117384,15.527805242697955,15.924363414876074,42353150
2004-07-12,15.815362930297852,15.866108962530618,15.490223783863879,15.683804821223111,34500946
2004-07-13,15.670642852783203,15.918727681573435,15.636813877701869,15.888656535135508,23211619
2004-07-14,15.743942260742188,16.02585608803351,15.565397688520152,15.59546713399794,35753098
2004-07-15,15.685680389404297,15.851069151347103,15.565397498586051,15.794686386576839,25124299
2004-07-16,15.103058815002441,15.841673219890513,15.042916516557161,15.822878964558651,63328003
2004-07-19,14.753483772277832,15.103057225348218,14.512918010733754,15.089901418346441,70912670
2004-07-20,15.026001930236816,15.125611647550834,14.751605479029005,14.777917094140289,49114771
2004-07-21,14.39639663696289,15.127492000295202,14.39639663696289,15.127492000295202,73655050
2004-07-22,14.544870376586914,14.54862990923682,13.428491891112525,13.526221853697049,150320016
2004-07-23,14.097566604614258,14.505401763344198,14.001715564462408,14.48660750854808,50645390
2004-07-26,13.958488464355469,14.140792563654811,13.772424832752316,14.05809818409504,49983912
2004-07-27,14.745965003967285,14.823020924324194,14.031783444703095,14.071251713669811,71611214
2004-07-28,14.807990074157715,14.916996080306117,14.473452990357398,14.676430278860764,55680134
2004-07-29,14.935791969299316,15.09930182947454,14.745968787422958,15.012847909426899,40888584
2004-07-30,14.721535682678223,14.916995603031056,14.644479744650106,14.88880507095573,30455093
2004-08-02,14.875646591186523,14.88692348337516,14.554263681100554,14.554263681100554,27634781
2004-08-03,14.486605644226074,14.962100399720931,14.403911274456974,14.789192596465337,32716570
2004-08-04,14.246038436889648,14.627561937063232,14.167103597620804,14.371961463097765,53963712
2004-08-05,13.868276596069336,14.355047445106987,13.851361256045141,14.321218468516806,49752014
2004-08-06,13.862637519836426,14.208451444946505,13.638986242971514,13.723560384064323,66884400
2004-08-09,13.714163780212402,14.020509443802176,13.685971547044065,13.924658406217127,34363613
2004-08-10,14.234763145446777,14.247919804413014,13.789339503340289,13.789339503340289,48458995
2004-08-11,14.355049133300781,14.428345541775736,13.954731296523805,14.033667004065794,51350112
2004-08-12,14.567421913146973,14.693343240760617,14.24228115851779,14.244160072823032,59319216
2004-08-13,14.539230346679688,14.642599596986855,14.31557820962786,14.63696115035496,39766637
2004-08-16,14.794832229614258,14.901959306415357,14.576818543851713,14.586216522523504,34360286
2004-08-17,14.954583168029785,15.024121732078324,14.798588998152145,14.843696567012204,41438866
2004-08-18,15.018482208251953,15.035397547279246,14.719654772851765,14.794831786140032,45734674
2004-08-19,14.975255966186523,15.174475378888097,14.79483080556136,14.990290686464455,43595323
2004-08-20,15.29287338256836,15.396242591981865,14.87564212453354,14.915109531885003,44361821
2004-08-23,15.47706413269043,15.601106565216527,15.33986759453157,15.381213936401346,39132245
2004-08-24,15.762731552124023,15.764610466010135,15.507129421845418,15.571031232008373,47385994
2004-08-25,16.099153518676758,16.163053642823343,15.586070204188724,15.747701132412343,47968589
2004-08-26,16.2401123046875,16.253266409769886,16.0014254295206,16.07848136624706,44607974
2004-08-27,16.14613914489746,16.32656261440122,16.08035840640321,16.238229793948054,30347222
2004-08-30,16.070960998535156,16.228830671492926,15.98450539501725,16.04652830054179,27393379
2004-08-31,16.264537811279297,16.270176256386687,16.012695212618624,16.023972102833408,34089422
2004-09-01,16.46940040588379,16.491952489383532,16.13298273669062,16.22883292434556,46646582
2004-09-02,16.830249786376953,16.890390375629906,16.460003161985817,16.499470583382266,49875091
2004-09-03,16.798297882080078,16.991877139183757,16.709963367024788,16.755070933336576,36937296
2004-09-07,16.74567413330078,16.999397397812768,16.59156057896791,16.832128036866585,48278419
2004-09-08,16.74567413330078,16.90542443036102,16.67237603634829,16.719362520074164,43343942
2004-09-09,16.522024154663086,16.78326481345105,16.304010453258797,16.770109005133186,46965917
2004-09-10,16.927978515625,16.933616961910527,16.37918564277593,16.469399079886266,42623539
2004-09-13,17.309499740600586,17.32829399125311,16.952408978202637,16.974962760368815,60923966
2004-09-14,17.743650436401367,17.743650436401367,17.23620555390908,17.343332636533848,77802120
2004-09-15,17.675987243652344,17.816943261957732,17.506838999611226,17.66282973600384,49711147
2004-09-16,17.35272979736328,18.021803877736737,17.337695075529922,17.68726683755001,70472160
2004-09-17,17.49744415283203,17.506842130910794,17.07457261536494,17.260636228127105,62674603
2004-09-20,17.17606544494629,17.568865933582934,17.13284018626571,17.345213760658822,50098435
2004-09-21,17.036989212036133,17.200499089142046,16.92422536552796,17.177947001223835,47237256
2004-09-22,16.68553352355957,17.014433832393955,16.642306567422768,16.927979920120354,45156355
2004-09-23,16.933618545532227,16.990001310202285,16.661100997897826,16.723122209380715,42726658
2004-09-24,16.768226623535156,17.023827079099174,16.708084337838958,16.94301333141568,35581550
2004-09-27,16.67613983154297,16.901670922784795,16.644189763962892,16.659224488662282,35013686
2004-09-28,16.959930419921875,17.053901695802793,16.510748913631872,16.745676251605033,57726821
2004-09-29,17.320783615112305,17.38468546214585,16.935502135234422,16.986246467100234,52364189
2004-09-30,17.27942657470703,17.41098631386344,17.052016679488258,17.30573818184678,47356056
2004-10-01,17.373401641845703,17.47489026513259,17.112162723284648,17.40347278667909,63596966
2004-10-04,17.600814819335938,17.75868451064264,17.375282065225555,17.407233830513654,48323563
2004-10-05,17.64215850830078,17.69666234839767,17.459854440068224,17.56322197103832,28700179
2004-10-06,18.155244827270508,18.18907380415612,17.72297697161229,17.771842374247907,57495398
2004-10-07,17.852649688720703,18.168394073946583,17.831976527170696,18.162755629258832,46655611
2004-10-08,17.401599884033203,17.79815823961095,17.29071324441597,17.769967702718322,40796870
2004-10-11,17.61585235595703,17.655319785089738,17.39595801332447,17.44294450811352,23782810
2004-10-12,17.57074546813965,17.647801407285748,17.29258945515794,17.476774187427928,39376022
2004-10-13,17.771841049194336,17.995491469765035,17.644039105410123,17.894002843216875,49757242
2004-10-14,17.942873001098633,18.04811948412439,17.73049771334986,17.741774608947917,40326422
2004-10-15,17.621488571166992,18.065033326154783,17.55570782748717,18.05563534700413,46430366
2004-10-18,17.800031661987305,17.81506808668778,17.369642750791666,17.521877394796682,39217781
2004-10-19,17.375282287597656,17.886486690335055,17.318899524213013,17.884607775926366,44841298
2004-10-20,17.170425415039062,17.40159490595414,16.997517599571477,17.30950255176309,70062062
2004-10-21,18.717195510864258,18.828080432159805,18.053756380417653,18.397691445850043,148832640
2004-10-22,18.025562286376953,19.192684877282677,18.004889119280115,19.141940564935304,83178533
2004-10-25,18.025562286376953,18.2116259006227,17.815067676539343,17.935350554083413,59640451
2004-10-26,17.901519775390625,18.117654533661575,17.736131032637424,18.042477522690472,47969539
2004-10-27,18.544281005859375,18.6626849500021,17.90903434023919,17.91091495764055,58600714
2004-10-28,18.581880569458008,18.65329807987249,18.33191672781912,18.333795642881423,39418790
2004-10-29,18.348825454711914,18.700277838275397,18.316873689425968,18.480385234250154,32104512
2004-11-01,18.6589298248291,18.79424913679198,18.22666197714427,18.23230042376424,45097906
2004-11-02,18.918285369873047,19.053604649775625,18.61569845922103,18.6983928176247,51279782
2004-11-03,18.65329360961914,19.337404205361455,18.435279893580365,19.141944278500564,63946238
2004-11-04,18.9577579498291,19.014140709511512,18.386411288947528,18.66832679081768,50630659
2004-11-05,18.734107971191406,19.089319908914035,18.311238076866818,19.03105822827301,57547670
2004-11-08,19.487754821777344,19.611797233471158,19.046090723725847,19.13254462905536,63296640
2004-11-09,19.634353637695312,19.788465512271042,19.341162908253487,19.52722484715488,54521122
2004-11-10,19.515947341918945,19.735839937056493,19.346799060777897,19.677576558909447,36863640
2004-11-11,20.26771354675293,20.278988733874204,19.529099358775248,19.609914803314847,55643544
2004-11-12,20.652999877929688,20.7206595345287,20.109845414191383,20.297789661836735,60166973
2004-11-15,20.564661026000977,20.696220768378183,20.35980320183344,20.566539939854767,35878550
2004-11-16,20.28275489807129,20.46693962854058,20.166229829744626,20.434987860298445,29233354
2004-11-17,20.555274963378906,20.842827308724925,20.380488176856478,20.466943816104997,44086680
2004-11-18,20.76764488220215,20.814631371252624,20.491369505098458,20.528958014955535,36542405
2004-11-19,20.3616886138916,20.81838743686059,20.35792908184102,20.720658341584727,30626165
2004-11-22,20.575939178466797,20.575939178466797,19.927536699524968,20.37484087312625,38433701
2004-11-23,20.585338592529297,20.76576376136457,20.440623015301544,20.621048184136818,43442309
2004-11-24,20.995052337646484,21.08714297585828,20.686826959486986,20.720655930172843,48073133
2004-11-26,20.955583572387695,21.16983940188311,20.882287184085154,21.12097400737612,12258734
2004-11-29,21.171720504760742,21.214947457950576,20.86537400382471,21.19615320454013,34579354
2004-11-30,21.105934143066406,21.323947765236127,21.049551397856533,21.132245750139482,29506594
2004-12-01,21.385976791381836,21.385976791381836,20.92175885607147,21.24877855742102,41764853
2004-12-02,21.985511779785156,22.026859821747188,21.340870372965494,21.540088111169165,52357536
2004-12-03,21.87838363647461,22.051291453709066,21.707356437050557,21.970475991606715,44452584
2004-12-06,21.86522674560547,21.970474902904204,21.7073553613864,21.83515560016896,28499645
2004-12-07,21.41040802001953,21.90469536700719,21.36530215112029,21.90469536700719,39141749
2004-12-08,21.540088653564453,21.59459250491907,21.1454109961056,21.47242899385843,47688696
2004-12-09,21.84267807006836,21.88590332551702,21.303281392736025,21.38785639599792,41051102
2004-12-10,21.50249671936035,21.85395077028316,21.491221530753165,21.77689314347627,33993907
2004-12-13,21.801326751708984,21.83891525785647,21.45363392157379,21.581434161092005,30924115
2004-12-14,21.840791702270508,21.895295541058246,21.568275915247607,21.759976252846585,28931126
2004-12-15,22.06256866455078,22.21104378351228,21.91785307780608,22.023101241836276,36366106
2004-12-16,21.744943618774414,22.0437727485486,21.61338384951923,21.974234183716668,32024678
2004-12-17,21.56639862060547,21.818242984883664,21.54948498456644,21.671646782824364,31458240
2004-12-20,21.547603607177734,21.85019054844337,21.421680587703438,21.662248031484967,36516269
2004-12-21,21.369062423706055,21.547608708818373,21.17172358590651,21.51753755829375,36855086
2004-12-22,21.316436767578125,21.474308160584457,21.158563671113622,21.363423254336368,28495368
2004-12-23,21.30327796936035,21.38785295903129,21.224343129356082,21.322073925694397,20078150
2004-12-27,21.21118927001953,21.534451130547218,21.20179129098971,21.438599239659226,27728870
2004-12-28,21.831403732299805,21.846438457393965,21.269454904162792,21.278852884940548,35850989
2004-12-29,22.09639549255371,22.248628425474394,21.8238796853454,21.83515487398329,39241541
2004-12-30,22.133987426757812,22.242993425839334,22.045654597416622,22.102037363174293,21297038
2004-12-31,21.86522674560547,22.25614822936391,21.829518857391562,22.203523298985502,22028846
2005-01-03,21.44611358642578,22.133983548845013,21.376575024520427,22.02497756886153,46817654
2005-01-04,20.919879913330078,21.566400250273606,20.767645253268086,21.54572708052031,52193117
2005-01-05,20.842815399169922,21.252529347402177,20.752603685041375,20.87476545223452,46525882
2005-01-06,19.955732345581055,21.040160589743095,19.83920729383475,21.00820882604738,102103848
2005-01-07,20.030908584594727,20.410551464192178,19.980164273033843,20.12112031549007,67125802
2005-01-10,20.168106079101562,20.406792907727446,19.903107638524723,20.16622546149222,53028043
2005-01-11,19.70389175415039,20.19818083759924,19.54977817970834,20.04406726315719,55250554
2005-01-12,20.156827926635742,20.185018450974972,19.134421028588516,19.690731190358555,111045211
2005-01-13,19.39754295349121,20.24892278708971,19.284777435179596,20.213213195253605,74554603
2005-01-14,19.771541595458984,19.8579954748223,19.399416175602543,19.534735439254476,61737034
2005-01-18,19.99144172668457,20.077897342395953,19.65878529252371,19.85048566825906,52074792
2005-01-19,19.367473602294922,20.2545614064593,19.333642921592205,20.24328621634997,112626677
2005-01-20,15.661248207092285,16.34535876830296,15.298518904693841,16.164933574362333,411637248
2005-01-21,16.17245101928711,16.555853453342515,15.86610451421695,16.022096989974546,227677824
2005-01-24,15.480817794799805,16.311524291331533,15.322946442114688,16.194999264837094,155610893
2005-01-25,15.042916297912598,15.89993466928072,14.922633406228607,15.642453545322432,158176022
2005-01-26,15.471427917480469,15.499618451222226,15.010967769725283,15.166960273010536,116262907
2005-01-27,15.542840957641602,15.740181451104753,15.351140613460318,15.555996763411418,82715213
2005-01-28,15.242136001586914,15.651851790913145,15.048555000842557,15.623659556116252,76129416
2005-01-31,15.31731128692627,15.555998132832872,15.227099552718046,15.441353699056153,60205939
2005-02-01,14.6463623046875,15.298522975342152,14.618171765595534,15.18387849703963,106102656
2005-02-02,14.809870719909668,15.016605838018645,14.386999096792659,14.75724577961748,131430816
2005-02-03,14.512919425964355,14.975258444242018,14.496005788717369,14.683946637123322,88258896
2005-02-04,14.26107120513916,14.490360872657162,14.080646925726292,14.44525501573616,126070560
2005-02-07,14.206573486328125,14.454657479876941,14.155828316875468,14.396395800908856,70627075
2005-02-08,14.759124755859375,14.819267058313468,14.246041380753873,14.27423361735998,103446288
2005-02-09,14.845574378967285,15.326707548934184,14.798587899379411,14.997807302192804,112091602
2005-02-10,15.264684677124023,15.33610214226055,14.4621704115783,15.037273070785885,130322174
2005-02-11,15.424433708190918,15.497731784790211,15.018477619771309,15.185746934270623,86411318
2005-02-14,15.847311973571777,15.849190888103843,15.2252226210836,15.2252226210836,70066339
2005-02-15,16.0502872467041,16.21379708046436,15.683800158195417,15.822877292260682,97047720
2005-02-16,16.179967880249023,16.217556386416025,15.930004143892653,15.94691948270523,59282150
2005-02-17,16.05780029296875,16.3321966587807,15.839786672044559,16.29085033460427,58398278
2005-02-18,15.960078239440918,16.10291322650944,15.866106956654573,16.084118969952172,46618783
2005-02-22,15.448875427246094,16.00518582136069,15.373698392999758,15.888660736895437,46295172
2005-02-23,15.727027893066406,15.78716848468696,15.486460416209598,15.678162491247194,41503018
2005-02-24,15.926244735717773,15.971350597952766,15.490217426044373,15.520288568687006,44397223
2005-02-25,15.877379417419434,16.178085734903146,15.783408160875172,15.94503735936496,30751380
2005-02-28,16.102909088134766,16.279574713679146,15.779648980501165,15.805960592227695,32284850
2005-03-01,16.00518226623535,16.189365277844082,15.817239722365947,16.106670899233187,33762960
2005-03-02,15.81347942352295,15.978869876185394,15.72702722030049,15.866104355330233,33077009
2005-03-03,15.595465660095215,16.005181405778654,15.37369415163529,15.933762220872934,41522263
2005-03-04,15.693195343017578,15.899932115457466,15.527806606448864,15.787166603217527,32694473
2005-03-07,15.745817184448242,15.839788436395038,15.437593522212168,15.572911102940846,38688646
2005-03-08,15.354898452758789,15.772131519823176,15.336104201151528,15.648089118523659,32470654
2005-03-09,14.997809410095215,15.36241759283355,14.963980434665388,15.099299743301005,40068626
2005-03-10,14.606888771057129,15.095539341310925,14.542988652561705,14.990291185487727,50604523
2005-03-11,14.377601623535156,14.772279273854004,14.324976687623254,14.697102254086936,41710918
2005-03-14,13.71228313446045,14.238523105317856,13.513064550399333,14.204693277313789,102925944
2005-03-15,13.934057235717773,14.178381704710553,13.828809064561282,13.85888021395718,57322426
2005-03-16,13.71228313446045,14.039303669527643,13.622071395421731,13.813772618472653,41088168
2005-03-17,13.576963424682617,13.843842491920032,13.554411343727507,13.68221157951391,29111702
2005-03-18,13.1597318649292,13.576964122068436,13.155974036306011,13.513064000892982,71222738
2005-03-21,13.58072566986084,13.68597299399045,13.231152162364069,13.261223313103494,51318986
2005-03-22,13.486751556396484,13.88894821563672,13.426610119275843,13.712281732666636,57166560
2005-03-23,13.501787185668945,13.697247934128521,13.362710049733284,13.415334130154287,38929334
2005-03-24,13.343917846679688,13.746114594796415,13.325124441922512,13.629591226655933,31849330
2005-03-28,13.498030662536621,13.716044379811052,13.366470866322894,13.385265974654057,39783744
2005-03-29,13.56944465637207,13.761145841889402,13.370226111316386,13.53185615522244,39397882
2005-03-30,14.167105674743652,14.185899078470912,13.629590479727753,13.704766649824249,57868193
2005-03-31,14.005475044250488,14.403913950047047,13.941574063259921,14.249800370541616,41371387
2005-04-01,13.934057235717773,14.231005790288798,13.73483778736054,14.185899066194951,44779997
2005-04-04,14.343771934509277,14.388877808797165,13.757391310120795,13.851362591328217,43680146
2005-04-05,14.388875961303711,14.565543310056748,14.246039291516603,14.509158845113536,41015225
2005-04-06,13.971644401550293,14.512919109460768,13.92653853077822,14.486607493465247,36840830
2005-04-07,13.584482192993164,14.039302952375191,13.280015459967446,13.945331685902497,63099194
2005-04-08,13.216115951538086,13.652141626090259,13.171009230504724,13.618311798247511,46379520
2005-04-11,12.76881217956543,13.310086854919476,12.704911206131184,13.249945413597707,61532460
2005-04-12,12.652286529541016,12.72370400384092,12.00952329873908,12.66356256940096,137962202
2005-04-13,12.325267791748047,12.881578055662331,12.29519749612482,12.716188448682752,63903470
2005-04-14,12.400444984436035,12.558317232683228,12.250090948998196,12.44179217383562,47252938
2005-04-15,12.017041206359863,12.547039804073826,11.990729593758452,12.268884698916139,55033150
2005-04-18,12.253849983215332,12.362856824823053,11.870447549123702,11.979453539002353,54244080
2005-04-19,12.092218399047852,12.468103451788155,11.877963407948466,12.430514946514124,63350813
2005-04-20,12.445549011230469,12.59214433438543,12.212499795727245,12.28767764889677,102508006
2005-04-21,12.434274673461914,12.70867112575372,11.731369906355866,12.656046191865073,157506703
2005-04-22,11.844135284423828,12.449310092412333,11.746405334044848,12.317750314513567,71451785
2005-04-25,11.85916805267334,11.956897979934318,11.603565918241044,11.81782002230276,68283389
2005-04-26,11.705058097839355,11.870447702582743,11.596051254822413,11.716334139147197,51032441
2005-04-27,11.832858085632324,11.934347565569642,11.569738536632636,11.59229232221586,55491955
2005-04-28,11.953141212463379,12.129807710023504,11.727611017567765,11.73512923015937,51581297
2005-04-29,11.919313430786133,12.197467734768804,11.727612192298638,12.133568457578527,43895174
2005-05-02,11.847892761230469,12.00952366977741,11.795269536800301,11.836616721022146,32683781
2005-05-03,12.092218399047852,12.178672301869732,11.799027717218806,11.859170007040474,39596753
2005-05-04,12.956753730773926,12.9755479829909,12.12980663322709,12.163636457563443,79264073
2005-05-05,12.746260643005371,12.971791711485487,12.633495108765313,12.821437665832077,41434826
2005-05-06,12.701152801513672,13.065761841202173,12.62973446576198,12.896613554714573,70498534
2005-05-09,12.61469841003418,12.847746794972005,12.550797441969358,12.70491013857205,34573651
2005-05-10,12.310234069824219,12.595905734232371,12.291438962405376,12.509452669097337,43579166
2005-05-11,12.486895561218262,12.539520485233913,12.167394151162991,12.351577126573092,41489712
2005-05-12,12.704912185668945,12.798883461144644,12.4793819762564,12.490658018276003,43095650
2005-05-13,13.178526878356934,13.400299252676959,12.757535916589077,12.817678212609438,69477566
2005-05-16,13.298807144165039,13.351432068668787,13.005618193398258,13.095829916179131,33663881
2005-05-17,13.26121997833252,13.373984635925703,13.129659365727694,13.212354583601329,33311045
2005-05-18,13.41909408569336,13.561929906510011,13.193562183668304,13.283774774132507,37990577
2005-05-19,13.591999053955078,13.625828878987418,13.47547485815837,13.543133656494028,31916095
2005-05-20,13.742353439331055,13.742353439331055,13.5017868292772,13.59951762679183,35541396
2005-05-23,13.949090003967285,14.065614201021562,13.68221178446129,13.704764717483242,37624673
2005-05-24,13.866397857666016,13.915262411767458,13.701008236080686,13.915262411767458,31413809
2005-05-25,14.122000694274902,14.355049135961918,14.043064134989075,14.193418188136624,62651081
2005-05-26,14.219724655151367,14.43397876257387,14.2009304053168,14.370078653827902,53874137
2005-05-27,14.39639663696289,14.430225616257076,14.144552244707981,14.287388930482528,28552867
2005-05-31,14.283628463745117,14.546748865623481,14.234763063740049,14.467812319195438,44541684
2005-06-01,14.700860023498535,14.885044721914964,14.396394152029096,14.400151980491847,59192813
2005-06-02,14.678308486938477,15.388732369421207,14.471573379167022,14.663273763868727,36992894
2005-06-03,14.208452224731445,14.734690502016296,14.10320490996612,14.685826802803009,45970373
2005-06-06,14.524195671081543,14.659513280305204,14.415187973793874,14.542989925428568,48163421
2005-06-07,14.212209701538086,14.7346892539934,14.212209701538086,14.730931425465094,48425494
2005-06-08,13.945330619812012,14.37759926426945,13.888947864238736,14.34752812060544,40074804
2005-06-09,13.986680030822754,14.114481134152637,13.772425014488475,13.911503011420367,49924750
2005-06-10,13.768668174743652,13.994199249153118,13.655902637538919,13.956609885022356,29853252
2005-06-13,13.91150188446045,14.058097230765355,13.637105445178728,13.655900550235872,28019218
2005-06-14,13.941572189331055,14.024267415074853,13.832566201328635,13.94533172138277,25627298
2005-06-15,14.035545349121094,14.306182276638955,13.813772972881369,14.200934109421388,43508124
2005-06-16,14.11823844909668,14.426463858139673,14.065614370259597,14.11823844909668,59856905
2005-06-17,14.302423477172852,14.509158561789604,14.212210038483487,14.358804534098786,47179282
2005-06-20,13.997955322265625,14.110719986733416,13.73483578447305,13.87767244568063,57660768
2005-06-21,13.870155334472656,14.065615237369675,13.772424531295053,13.922779416553883,36450454
2005-06-22,13.678452491760254,14.01674817539959,13.629587947688892,13.964124951281043,39910860
2005-06-23,12.945478439331055,13.584483093714688,12.91164946254109,13.513064756114224,83431102
2005-06-24,12.919167518615723,13.088315818580831,12.81767887932832,12.971791604506254,43235597
2005-06-27,12.641012191772461,12.971791425611885,12.562076489889845,12.828954744697327,44012549
2005-06-28,12.573351860046387,12.851506975012592,12.51321042074454,12.772570430966814,35491738
2005-06-29,12.36661148071289,12.697390601058968,12.34029987302282,12.547037462035759,39113712
2005-06-30,12.407962799072266,12.543281256278112,12.374132971838534,12.426756201169807,41121907
2005-07-01,12.359095573425293,12.584626586041688,12.359095573425293,12.550796763803438,24179839
2005-07-05,12.60718059539795,12.637250886583509,12.310231253100612,12.310231253100612,31333025
2005-07-06,12.61469841003418,12.896612191037516,12.599662838034869,12.652286914167957,43556357
2005-07-07,12.813918113708496,12.825194154916879,12.441791719250391,12.4981753322086,40184813
2005-07-08,12.968029022216797,12.971788553826299,12.70866903798273,12.900369377451154,42138122
2005-07-11,13.362709045410156,13.4717158784332,13.050724970164413,13.118383766995645,51367219
2005-07-12,13.343917846679688,13.415336191673749,13.204840689372197,13.347676527631123,32941814
2005-07-13,13.129660606384277,13.411575258057514,13.129660606384277,13.370228071078177,30314196
2005-07-14,13.171008110046387,13.336397702974157,13.118384032515412,13.287532305610604,33250694
2005-07-15,13.186044692993164,13.295051536576569,13.118385037878198,13.261221709019088,28761242
2005-07-18,13.11838436126709,13.343915397712573,13.06951896267895,13.084554535454458,27588686
2005-07-19,13.295052528381348,13.32888150673337,13.12214554896876,13.246187123627527,31515264
2005-07-20,13.107108116149902,13.317603576538374,13.016895532632262,13.129660197368025,71768268
2005-07-21,15.824749946594238,15.9826212715542,14.982768411169493,14.994045299407512,274797706
2005-07-22,15.418805122375488,15.948802162384201,15.34362809229268,15.6518535749405,74050654
2005-07-25,15.366178512573242,15.651851877286187,15.2007897457131,15.223343533675076,44359445
2005-07-26,15.193276405334473,15.411288463861565,14.979022176823406,15.351147852476378,44945366
2005-07-27,15.78341293334961,15.78717076267289,15.208308328711166,15.22334475637961,49715899
2005-07-28,15.794683456420898,16.27957446210715,15.659365868150706,15.715748622461104,42643973
2005-07-29,15.704469680786133,16.04276616248601,15.663123355097444,15.749575537654573,33246655
2005-08-01,16.392343521118164,16.52014376390453,16.087875932154343,16.136741332087297,70943083
2005-08-02,16.820852279663086,16.907306189063295,16.396101797055415,16.482555706455624,56787826
2005-08-03,16.74567413330078,16.86971654246406,16.587802750483,16.726879880502043,35345851
2005-08-04,16.475038528442383,16.854681442737682,16.429932658872215,16.67049843221858,30930055
2005-08-05,16.290855407714844,16.783263844333494,16.290855407714844,16.508867393072162,32914490
2005-08-08,16.241992950439453,16.426175993099598,16.136744767437158,16.33972377111126,30617374
2005-08-09,16.091630935668945,16.418650514791786,15.975105915041684,16.35099088034556,28435255
2005-08-10,15.640571594238281,16.241987639351628,15.55411769706165,16.163051102047326,48822998
2005-08-11,15.62929630279541,15.858586874852335,15.415042155480478,15.591707796127594,44941327
2005-08-12,15.396246910095215,15.572912539358947,15.21206221721592,15.471423918586847,37495181
2005-08-15,15.497735977172852,15.715749648768563,15.381210929271921,15.396247353478069,28671192
2005-08-16,15.17823600769043,15.614263417695682,15.14816485812829,15.535326863027354,33810718
2005-08-17,15.212066650390625,15.32107436654585,15.069231655397257,15.20079145859741,28214050
2005-08-18,15.00908374786377,15.17071464359027,14.847452852137268,15.1143318918339,35218022
2005-08-19,15.039159774780273,15.166960038892595,15.012848156105196,15.072988755439884,20488248
2005-08-22,14.715898513793945,15.114335704642423,14.53923115095748,15.084264555428241,33456694
2005-08-23,14.651994705200195,14.809867791400476,14.54674825234409,14.749725501090078,27455630
2005-08-24,14.644475936889648,15.031637847829087,14.554262510096963,14.554262510096963,36761234
2005-08-25,14.614405632019043,14.75724228836513,14.509157479792556,14.70461736052289,23510520
2005-08-26,14.648237228393555,14.862493103022967,14.531713866823868,14.59937352705114,31594622
2005-08-29,14.836179733276367,14.854973986482454,14.509158364723994,14.535471681978994,24406747
2005-08-30,14.922630310058594,14.952701452604952,14.62568182312585,14.809866506561098,34759930
2005-08-31,15.219586372375488,15.26469225186854,14.79107625854508,14.960224584237949,47622168
2005-09-01,15.012845993041992,15.279723377520734,14.95270369891424,15.16319832144503,37642968
2005-09-02,14.91887378692627,15.159441272351136,14.89632170306217,15.103058507503501,19833422
2005-09-06,15.099299430847168,15.227099672557642,14.937668510948782,15.00156863180402,27740275
2005-09-07,15.208307266235352,15.336107523467374,15.091782199643907,15.110576455322635,26389519
2005-09-08,14.63320255279541,14.764762341207112,14.497884935361215,14.745968085719726,72980978
2005-09-09,14.516678810119629,14.704619656606058,14.426465364071221,14.66703285007538,39420929
2005-09-12,14.636958122253418,14.873764314511487,14.189654792417208,14.294902083612897,94564325
2005-09-13,14.388875961303711,14.715897340683567,14.35504698579594,14.629441728923359,48899743
2005-09-14,14.1558256149292,14.471570058057926,14.09568418126471,14.422704664107988,48730572
2005-09-15,14.152069091796875,14.264834616501595,14.028027525659137,14.152069091796875,38595506
2005-09-16,13.945330619812012,14.219726185897896,13.907742116096495,14.17462032213087,72310234
2005-09-19,13.885193824768066,13.907746764188971,13.678456985239434,13.776186957216204,45104321
2005-09-20,13.798736572265625,14.016748537930852,13.648382552657589,13.911501235242635,35400262
2005-09-21,13.851360321044922,13.971643200583992,13.625829283112383,13.701006295756562,44490125
2005-09-22,14.178383827209473,14.249802178919166,13.83256981603417,13.881434376456072,41944003
2005-09-23,14.57681941986084,14.693344482336427,14.358805720996534,14.441501805828635,46970194
2005-09-26,14.554264068603516,14.866249009019448,14.44150025408895,14.772277744042244,33168722
2005-09-27,14.700860023498535,14.798589115400878,14.479086819706271,14.603129228138142,31850518
2005-09-28,14.63320255279541,14.900081662099613,14.520437019871094,14.783556596694497,27231098
2005-09-29,15.524046897888184,15.557877573249737,14.625682341989377,14.663270845641343,66902458
2005-09-30,15.486459732055664,15.542842492404317,15.298517197560153,15.475182839294309,29412742
2005-10-03,15.711991310119629,15.832275899071774,15.377454268674198,15.467666006930127,34992302
2005-10-04,15.110572814941406,15.742059994302876,15.031637982182419,15.655606098317202,39802514
2005-10-05,15.106817245483398,15.437596455887126,15.035398058357025,15.10305771330795,41154696
2005-10-06,14.824907302856445,15.185756050951431,14.693347490815244,15.133132807518395,39788021
2005-10-07,14.997809410095215,15.181994119263594,14.866249633599868,14.926391927095287,25822368
2005-10-10,15.208307266235352,15.418803611220438,14.979018369029859,15.035399432607722,29877012
2005-10-11,15.208307266235352,15.388732461442808,14.963981942411882,15.245895777592809,32993374
2005-10-12,14.817383766174316,15.264688014238923,14.798589512981469,15.23461686843875,34182324
2005-10-13,14.900078773498535,15.02787900465347,14.591853383951127,14.719653615106061,31477723
2005-10-14,14.922630310058594,15.031637988856902,14.558022178261023,15.001566846310544,29451470
2005-10-17,15.351141929626465,15.354899758192627,14.836179732498337,14.91135674531874,31698691
2005-10-18,15.193276405334473,15.584196341443834,15.155687884421697,15.40001156689598,33402046
2005-10-19,15.79092788696289,15.813479969838166,15.114334738457357,15.189511754957971,74742545
2005-10-20,14.715898513793945,15.527809321827139,14.610650343273452,15.291001364020598,101581603
2005-10-21,14.768522262573242,15.054195634887193,14.749728006590965,15.009088057763048,48823711
2005-10-24,14.817383766174316,14.84745491197449,14.385115942738844,14.83617972282526,39826987
2005-10-25,14.287389755249023,14.791075161918341,13.990440324036292,14.663274895586856,74405628
2005-10-26,14.39639663696289,14.524196895916864,14.197177183392471,14.246040886048883,36925891
2005-10-27,14.223489761352539,14.61065180038309,14.197178141962949,14.2986667901562,27990230
2005-10-28,14.445258140563965,14.490364007242361,14.095685544483793,14.452775501100684,27173124
2005-10-31,14.88880443572998,15.035398943875617,14.415188526637786,14.418948059034655,50698138
2005-11-01,15.136882781982422,15.302273196223455,14.670786085442035,14.700857224709289,55716012
2005-11-02,15.44135570526123,15.497738472331378,15.027882080080145,15.031641612601485,41771506
2005-11-03,15.618024826049805,15.768378904860162,15.373699447982974,15.49022454044448,53184622
2005-11-04,15.62929630279541,15.779650329466676,15.493978700866137,15.587949967535678,28008763
2005-11-07,15.738300323486328,15.866102252256733,15.539082625815285,15.542840453937478,40572338
2005-11-08,15.899931907653809,16.29837072707741,15.580429627149705,15.640571914274842,63316123
2005-11-09,15.81723690032959,16.174327669971014,15.648088641025756,15.745817724326562,41952557
2005-11-10,16.27957534790039,16.332200276861585,15.742061090327413,15.813478568289996,35558978
2005-11-11,16.49759292602539,16.62915442787126,16.275821375841378,16.31340988966636,33740388
2005-11-14,16.36227035522461,16.516382193274183,16.26453956742114,16.44496471996559,21215779
2005-11-15,16.181842803955078,16.64418165648456,16.132977417296935,16.42240850271533,33631092
2005-11-16,15.990147590637207,16.268303608080668,15.967595504979668,16.125466918416016,39248906
2005-11-17,16.463764190673828,16.501352705059787,16.012702018042344,16.084119513992277,39653777
2005-11-18,16.790781021118164,16.839646422060166,16.45624398232583,16.538938358980975,41491613
2005-11-21,17.362125396728516,17.403473435347816,16.65922066440717,16.681774449737354,57214080
2005-11-22,17.572622299194336,17.62148770006231,17.05766008264299,17.211773646120868,43243913
2005-11-23,17.531272888183594,17.892123216495264,17.463613238692904,17.561344032785904,32767654
2005-11-25,17.557586669921875,17.719215882461185,17.437302088323214,17.5914156438352,10835035
2005-11-28,17.05389976501465,17.86581217808697,16.98624011334894,17.62148688845831,39223246
2005-11-29,16.726882934570312,17.268156832618903,16.65170590964921,17.249362576388627,37376381
2005-11-30,16.84340476989746,16.986239727050183,16.644185351423864,16.903545356209648,32657170
2005-12-01,16.8997859954834,17.279428841929985,16.745672456581687,16.91482071483376,39920839
2005-12-02,16.986242294311523,17.046384593171524,16.632910973019353,16.91482480494129,31949359
2005-12-05,16.99000358581543,17.24936365665265,16.854684251099545,17.050144187443674,32990998
2005-12-06,16.798297882080078,17.151627425011533,16.779503630602814,17.12907534531358,29878438
2005-12-07,16.662982940673828,16.90730827367027,16.388586456770764,16.824613886270843,30430382
2005-12-08,16.339723587036133,16.65546642902752,16.215681147875774,16.5652529717025,39038630
2005-12-09,16.320926666259766,16.42993437451684,16.196885937853786,16.200643767026417,22354358
2005-12-12,16.7005672454834,16.764467360397887,16.272058989272864,16.272058989272864,26977817
2005-12-13,17.050134658813477,17.09524221414897,16.6216265107865,16.644180288454248,29862518
2005-12-14,17.023828506469727,17.102765050132216,16.779504921920566,17.06517654428495,24473750
2005-12-15,17.29822540283203,17.392196669965333,17.10276550788639,17.234325281873012,29540333
2005-12-16,17.268150329589844,17.508717740816888,17.159144365888253,17.290704109955975,45272542
2005-12-19,16.771989822387695,17.47489470718593,16.73816084051221,17.36212916298968,28949897
2005-12-20,16.591554641723633,16.880985690560433,16.366025392301896,16.82460465579809,31401454
2005-12-21,16.6479434967041,16.877234064426496,16.520143257832718,16.70432795909804,23013936
2005-12-22,16.644187927246094,16.760711289454036,16.531422394069065,16.738159204893616,16663126
2005-12-23,16.768226623535156,16.817090314273145,16.647942052142756,16.647942052142756,13402066
2005-12-27,16.444963455200195,16.903542809365774,16.335957487805796,16.78325995140628,19295496
2005-12-28,16.678014755249023,16.764468660228502,16.505108648748152,16.584043489718738,19018930
2005-12-29,16.444963455200195,16.775742592182148,16.40737495562174,16.651700202881692,16240198
2005-12-30,16.245742797851562,16.576521908997655,16.245742797851562,16.452479529385663,20437402
